embarque;ID;dt_saida;uf_remet;uf_dest;cliente;rota;km;qtd_eixos;frete_sem_icms;icms;frete_com_icms
006001;CSP6001;2025-10-02;SP;BA;Cliente C;SP x BA;1411;7;11546.13;0.0;11546.13
006002;DSP6002;2025-08-09;SP;BA;Cliente D;SP x BA;1447;9;13006.1;910.43;13916.53
006003;CGO6003;2025-09-26;GO;SP;Cliente C;GO x SP;941;9;9296.67;650.77;9947.44
006004;EPR6004;2025-10-27;PR;PE;Cliente E;PR x PE;2664;9;25349.23;3041.91;28391.14
006005;ASP6005;2025-10-31;SP;BA;Cliente A;SP x BA;1434;5;10505.03;0.0;10505.03
006006;ESC6006;2026-03-25;SC;SP;Cliente E;SC x SP;709;5;4950.43;0.0;4950.43
006007;CSP6007;2026-01-28;SP;CE;Cliente C;SP x CE;2816;6;20288.93;0.0;20288.93
006008;EMG6008;2026-03-10;MG;RS;Cliente E;MG x RS;1687;6;12244.14;1469.3;13713.44
006009;ASP6009;2026-01-19;SP;CE;Cliente A;SP x CE;2802;6;18166.38;0.0;18166.38
006010;CPR6010;2025-09-11;PR;PE;Cliente C;PR x PE;2654;6;20880.52;1461.64;22342.16
006011;DSP6011;2025-09-28;SP;CE;Cliente D;SP x CE;2833;5;21695.82;0.0;21695.82
006012;AMG6012;2026-03-22;MG;RS;Cliente A;MG x RS;1686;6;14442.9;1733.15;16176.05
006013;ASC6013;2025-09-05;SC;SP;Cliente A;SC x SP;684;7;4576.73;549.21;5125.94
006014;CRJ6014;2025-09-05;RJ;MG;Cliente C;RJ x MG;427;6;3393.51;237.55;3631.06
006015;APR6015;2026-02-19;PR;PE;Cliente A;PR x PE;2660;6;21529.88;2583.59;24113.47
006016;BMG6016;2026-01-22;MG;RS;Cliente B;MG x RS;1717;5;12884.54;0.0;12884.54
006017;BMG6017;2025-08-29;MG;RS;Cliente B;MG x RS;1731;7;14389.76;1007.28;15397.04
006018;EMG6018;2025-12-08;MG;RS;Cliente E;MG x RS;1714;6;14787.64;0.0;14787.64
006019;AGO6019;2026-02-12;GO;SP;Cliente A;GO x SP;905;7;6449.38;0.0;6449.38
006020;ASP6020;2025-08-29;SP;CE;Cliente A;SP x CE;2811;5;21771.34;0.0;21771.34
006021;AGO6021;2026-03-13;GO;SP;Cliente A;GO x SP;899;6;6491.14;0.0;6491.14
006022;APR6022;2026-03-31;PR;PE;Cliente A;PR x PE;2628;9;24935.11;0.0;24935.11
006023;AGO6023;2026-01-30;GO;SP;Cliente A;GO x SP;955;6;6248.17;0.0;6248.17
006024;BSC6024;2025-09-27;SC;SP;Cliente B;SC x SP;682;6;4907.36;343.52;5250.88
006025;CGO6025;2026-01-29;GO;SP;Cliente C;GO x SP;896;5;6601.22;462.09;7063.31
006026;ASP6026;2025-10-11;SP;BA;Cliente A;SP x BA;1442;6;10741.49;1288.98;12030.47
006027;ASC6027;2025-09-18;SC;SP;Cliente A;SC x SP;726;9;5670.21;680.43;6350.64
006028;BMS6028;2025-08-16;MS;MG;Cliente B;MS x MG;1042;5;7313.8;511.97;7825.77
006029;AGO6029;2025-09-05;GO;SP;Cliente A;GO x SP;908;9;8641.35;604.89;9246.24
006030;BSP6030;2025-08-24;SP;BA;Cliente B;SP x BA;1413;5;11046.42;0.0;11046.42
006031;ARJ6031;2025-09-24;RJ;MG;Cliente A;RJ x MG;435;9;4716.57;330.16;5046.73
006032;AMG6032;2025-10-13;MG;RS;Cliente A;MG x RS;1741;9;19080.14;0.0;19080.14
006033;CSC6033;2025-10-15;SC;SP;Cliente C;SC x SP;684;6;5099.13;356.94;5456.07
006034;ESP6034;2025-12-28;SP;CE;Cliente E;SP x CE;2783;5;19848.64;0.0;19848.64
006035;BPR6035;2026-03-06;PR;PE;Cliente B;PR x PE;2623;5;17543.63;0.0;17543.63
006036;DGO6036;2026-03-30;GO;SP;Cliente D;GO x SP;921;5;7149.44;500.46;7649.9
006037;CSP6037;2026-03-28;SP;BA;Cliente C;SP x BA;1436;7;11850.47;0.0;11850.47
006038;AGO6038;2025-09-03;GO;SP;Cliente A;GO x SP;912;9;8720.99;610.47;9331.46
006039;ASC6039;2025-08-19;SC;SP;Cliente A;SC x SP;714;5;5124.0;614.88;5738.88
006040;AGO6040;2025-09-10;GO;SP;Cliente A;GO x SP;919;7;8064.18;564.49;8628.67
006041;DMG6041;2026-03-29;MG;RS;Cliente D;MG x RS;1741;5;13482.55;943.78;14426.33
006042;EPR6042;2026-01-02;PR;PE;Cliente E;PR x PE;2637;7;21517.04;2582.04;24099.08
006043;BSC6043;2025-08-24;SC;SP;Cliente B;SC x SP;691;5;5094.25;0.0;5094.25
006044;AMS6044;2026-01-11;MS;MG;Cliente A;MS x MG;1020;6;7507.37;900.88;8408.25
006045;CMS6045;2026-03-30;MS;MG;Cliente C;MS x MG;1006;5;7798.25;0.0;7798.25
006046;BMS6046;2025-12-28;MS;MG;Cliente B;MS x MG;1052;7;9249.36;647.46;9896.82
006047;ASP6047;2026-03-19;SP;CE;Cliente A;SP x CE;2837;5;15961.22;0.0;15961.22
006048;ARJ6048;2026-03-25;RJ;MG;Cliente A;RJ x MG;443;6;3786.11;0.0;3786.11
006049;ARJ6049;2026-02-05;RJ;MG;Cliente A;RJ x MG;405;6;3405.15;238.36;3643.51
006050;APR6050;2025-11-06;PR;PE;Cliente A;PR x PE;2670;5;20597.33;2471.68;23069.01
006051;AMG6051;2025-09-27;MG;RS;Cliente A;MG x RS;1734;6;9936.76;695.57;10632.33
006052;EMG6052;2026-01-21;MG;RS;Cliente E;MG x RS;1704;9;18760.94;0.0;18760.94
006053;ASP6053;2025-09-15;SP;BA;Cliente A;SP x BA;1466;7;14058.31;1687.0;15745.31
006054;ASP6054;2025-11-07;SP;CE;Cliente A;SP x CE;2807;5;18792.5;2255.1;21047.6
006055;AGO6055;2025-08-18;GO;SP;Cliente A;GO x SP;919;9;10000.23;0.0;10000.23
006056;DSP6056;2025-12-08;SP;BA;Cliente D;SP x BA;1456;7;12146.21;1457.55;13603.76
006057;DMG6057;2025-09-19;MG;RS;Cliente D;MG x RS;1717;6;13387.45;0.0;13387.45
006058;DPR6058;2025-11-12;PR;PE;Cliente D;PR x PE;2659;7;23355.82;2802.7;26158.52
006059;ARJ6059;2025-11-28;RJ;MG;Cliente A;RJ x MG;454;7;4095.04;0.0;4095.04
006060;EPR6060;2025-10-12;PR;PE;Cliente E;PR x PE;2662;5;19142.61;0.0;19142.61
006061;ASP6061;2026-01-20;SP;BA;Cliente A;SP x BA;1462;6;9286.1;650.03;9936.13
006062;ASC6062;2025-11-25;SC;SP;Cliente A;SC x SP;714;5;5258.89;631.07;5889.96
006063;BRJ6063;2026-01-15;RJ;MG;Cliente B;RJ x MG;419;6;3455.85;0.0;3455.85
006064;ESP6064;2025-09-26;SP;BA;Cliente E;SP x BA;1459;9;13566.89;0.0;13566.89
006065;BSC6065;2026-03-23;SC;SP;Cliente B;SC x SP;678;6;5775.93;693.11;6469.04
006066;DSP6066;2026-01-04;SP;CE;Cliente D;SP x CE;2840;9;30265.56;0.0;30265.56
006067;ASC6067;2026-02-07;SC;SP;Cliente A;SC x SP;732;6;5744.0;0.0;5744.0
006068;CMG6068;2026-01-08;MG;RS;Cliente C;MG x RS;1731;9;16329.21;1959.51;18288.72
006069;AMG6069;2026-03-17;MG;RS;Cliente A;MG x RS;1703;7;13668.26;956.78;14625.04
006070;DGO6070;2025-11-13;GO;SP;Cliente D;GO x SP;900;9;8665.31;606.57;9271.88
006071;ARJ6071;2026-03-08;RJ;MG;Cliente A;RJ x MG;428;5;3117.09;374.05;3491.14
006072;ARJ6072;2025-12-16;RJ;MG;Cliente A;RJ x MG;458;9;4619.17;0.0;4619.17
006073;ASC6073;2025-11-20;SC;SP;Cliente A;SC x SP;689;7;5849.19;0.0;5849.19
006074;APR6074;2026-03-24;PR;PE;Cliente A;PR x PE;2673;9;20751.51;2490.18;23241.69
006075;CMS6075;2025-09-04;MS;MG;Cliente C;MS x MG;1004;9;10810.13;1297.22;12107.35
006076;ASP6076;2025-10-23;SP;CE;Cliente A;SP x CE;2793;9;22599.67;2711.96;25311.63
006077;ASP6077;2026-02-08;SP;BA;Cliente A;SP x BA;1440;5;11419.0;799.33;12218.33
006078;EMS6078;2025-10-03;MS;MG;Cliente E;MS x MG;1047;5;7024.35;491.7;7516.05
006079;APR6079;2025-12-23;PR;PE;Cliente A;PR x PE;2650;5;18852.57;2262.31;21114.88
006080;ASP6080;2025-10-19;SP;BA;Cliente A;SP x BA;1459;6;8113.5;973.62;9087.12
006081;AGO6081;2025-08-27;GO;SP;Cliente A;GO x SP;900;6;6836.78;0.0;6836.78
006082;AMS6082;2026-01-17;MS;MG;Cliente A;MS x MG;1021;9;7775.02;933.0;8708.02
006083;BSP6083;2026-01-10;SP;BA;Cliente B;SP x BA;1437;7;13535.7;947.5;14483.2
006084;BPR6084;2026-01-05;PR;PE;Cliente B;PR x PE;2666;7;24700.94;0.0;24700.94
006085;BSC6085;2025-10-22;SC;SP;Cliente B;SC x SP;702;7;6560.66;0.0;6560.66
006086;AMG6086;2025-10-02;MG;RS;Cliente A;MG x RS;1738;9;17616.25;0.0;17616.25
006087;AMS6087;2025-09-16;MS;MG;Cliente A;MS x MG;1030;7;8679.22;1041.51;9720.73
006088;CMG6088;2025-12-11;MG;RS;Cliente C;MG x RS;1717;5;13479.82;1617.58;15097.4
006089;BGO6089;2026-01-13;GO;SP;Cliente B;GO x SP;940;9;9811.41;686.8;10498.21
006090;AMG6090;2026-01-25;MG;RS;Cliente A;MG x RS;1696;9;13256.87;1590.82;14847.69
006091;ASP6091;2025-10-09;SP;CE;Cliente A;SP x CE;2802;9;20353.55;0.0;20353.55
006092;ASP6092;2025-09-19;SP;BA;Cliente A;SP x BA;1457;6;8778.79;0.0;8778.79
006093;EMG6093;2025-10-15;MG;RS;Cliente E;MG x RS;1688;6;12611.69;882.82;13494.51
006094;DPR6094;2025-08-14;PR;PE;Cliente D;PR x PE;2637;5;19115.28;0.0;19115.28
006095;ASC6095;2025-12-25;SC;SP;Cliente A;SC x SP;681;5;3704.66;259.33;3963.99
006096;ASC6096;2025-11-11;SC;SP;Cliente A;SC x SP;682;5;4968.34;0.0;4968.34
006097;APR6097;2025-08-22;PR;PE;Cliente A;PR x PE;2671;7;21338.98;0.0;21338.98
006098;CGO6098;2025-11-24;GO;SP;Cliente C;GO x SP;945;9;10258.52;1231.02;11489.54
006099;AMS6099;2026-03-31;MS;MG;Cliente A;MS x MG;1038;5;7638.55;534.7;8173.25
006100;AGO6100;2025-09-10;GO;SP;Cliente A;GO x SP;907;5;4910.69;0.0;4910.69
006101;AMS6101;2026-01-28;MS;MG;Cliente A;MS x MG;1013;7;7113.45;497.94;7611.39
006102;AGO6102;2025-12-18;GO;SP;Cliente A;GO x SP;923;5;4742.67;331.99;5074.66
006103;AMS6103;2025-12-31;MS;MG;Cliente A;MS x MG;1009;7;8902.44;623.17;9525.61
006104;BMG6104;2026-03-30;MG;RS;Cliente B;MG x RS;1726;9;16403.08;0.0;16403.08
006105;BSP6105;2026-03-16;SP;BA;Cliente B;SP x BA;1448;5;10228.45;1227.41;11455.86
006106;ASP6106;2026-02-12;SP;BA;Cliente A;SP x BA;1424;5;9705.99;679.42;10385.41
006107;BSC6107;2025-09-16;SC;SP;Cliente B;SC x SP;733;7;7047.32;845.68;7893.0
006108;ASC6108;2025-10-25;SC;SP;Cliente A;SC x SP;697;9;4951.05;594.13;5545.18
006109;DSC6109;2026-02-25;SC;SP;Cliente D;SC x SP;693;9;7304.96;511.35;7816.31
006110;AMG6110;2026-02-14;MG;RS;Cliente A;MG x RS;1702;5;12236.97;0.0;12236.97
006111;DSC6111;2025-09-18;SC;SP;Cliente D;SC x SP;701;5;5044.13;0.0;5044.13
006112;BSC6112;2025-09-22;SC;SP;Cliente B;SC x SP;723;5;4925.26;591.03;5516.29
006113;BSC6113;2026-01-09;SC;SP;Cliente B;SC x SP;682;5;5001.47;350.1;5351.57
006114;AMS6114;2025-08-24;MS;MG;Cliente A;MS x MG;1034;9;8316.25;582.14;8898.39
006115;DPR6115;2025-12-09;PR;PE;Cliente D;PR x PE;2651;7;24057.86;2886.94;26944.8
006116;BGO6116;2025-11-07;GO;SP;Cliente B;GO x SP;925;6;6853.47;0.0;6853.47
006117;EPR6117;2025-10-10;PR;PE;Cliente E;PR x PE;2675;5;20285.41;0.0;20285.41
006118;AMG6118;2025-10-12;MG;RS;Cliente A;MG x RS;1734;5;13320.85;0.0;13320.85
006119;DSC6119;2025-11-23;SC;SP;Cliente D;SC x SP;730;6;5837.34;700.48;6537.82
006120;BSP6120;2026-01-26;SP;CE;Cliente B;SP x CE;2835;6;21235.52;2548.26;23783.78
006121;ASP6121;2026-01-28;SP;CE;Cliente A;SP x CE;2827;9;27521.17;0.0;27521.17
006122;DPR6122;2025-09-02;PR;PE;Cliente D;PR x PE;2651;5;19010.31;0.0;19010.31
006123;ASC6123;2025-08-04;SC;SP;Cliente A;SC x SP;681;9;6671.22;0.0;6671.22
006124;ASP6124;2025-10-26;SP;BA;Cliente A;SP x BA;1440;7;12247.7;1469.72;13717.42
006125;DRJ6125;2026-03-12;RJ;MG;Cliente D;RJ x MG;424;9;4271.66;0.0;4271.66
006126;AMG6126;2025-11-20;MG;RS;Cliente A;MG x RS;1696;5;12829.5;0.0;12829.5
006127;ASC6127;2026-03-20;SC;SP;Cliente A;SC x SP;685;7;4403.22;528.39;4931.61
006128;ARJ6128;2025-12-14;RJ;MG;Cliente A;RJ x MG;413;6;3402.31;238.16;3640.47
006129;ARJ6129;2025-12-06;RJ;MG;Cliente A;RJ x MG;443;6;3246.75;389.61;3636.36
006130;BMG6130;2026-03-19;MG;RS;Cliente B;MG x RS;1724;5;13157.68;0.0;13157.68
006131;DPR6131;2026-03-30;PR;PE;Cliente D;PR x PE;2624;9;25346.07;0.0;25346.07
006132;CRJ6132;2025-11-25;RJ;MG;Cliente C;RJ x MG;448;7;4181.55;501.79;4683.34
006133;BSP6133;2025-12-25;SP;BA;Cliente B;SP x BA;1425;9;13805.1;1656.61;15461.71
006134;ARJ6134;2025-12-23;RJ;MG;Cliente A;RJ x MG;421;5;3196.2;0.0;3196.2
006135;CSC6135;2026-02-15;SC;SP;Cliente C;SC x SP;728;7;6732.46;0.0;6732.46
006136;AGO6136;2026-01-06;GO;SP;Cliente A;GO x SP;936;6;5896.82;0.0;5896.82
006137;DPR6137;2026-03-20;PR;PE;Cliente D;PR x PE;2660;5;19582.58;2349.91;21932.49
006138;ASP6138;2025-08-24;SP;CE;Cliente A;SP x CE;2826;6;21587.36;1511.12;23098.48
006139;ASP6139;2026-03-01;SP;CE;Cliente A;SP x CE;2813;7;19923.34;0.0;19923.34
006140;ASP6140;2025-11-28;SP;CE;Cliente A;SP x CE;2831;5;18740.24;0.0;18740.24
006141;DRJ6141;2025-08-24;RJ;MG;Cliente D;RJ x MG;458;7;4228.6;296.0;4524.6
006142;BSP6142;2025-12-28;SP;CE;Cliente B;SP x CE;2823;7;23924.63;0.0;23924.63
006143;ASP6143;2025-11-29;SP;BA;Cliente A;SP x BA;1453;6;9343.21;0.0;9343.21
006144;CGO6144;2026-01-10;GO;SP;Cliente C;GO x SP;937;5;7178.71;0.0;7178.71
006145;ARJ6145;2025-08-12;RJ;MG;Cliente A;RJ x MG;411;6;3124.06;218.68;3342.74
006146;APR6146;2025-11-03;PR;PE;Cliente A;PR x PE;2644;9;27773.03;0.0;27773.03
006147;APR6147;2026-01-15;PR;PE;Cliente A;PR x PE;2676;9;20321.32;2438.56;22759.88
006148;ASP6148;2025-11-22;SP;CE;Cliente A;SP x CE;2793;9;30004.73;3600.57;33605.3
006149;BSP6149;2025-10-10;SP;CE;Cliente B;SP x CE;2783;9;25960.78;3115.29;29076.07
006150;AGO6150;2025-08-13;GO;SP;Cliente A;GO x SP;937;5;6349.53;444.47;6794.0
006151;AGO6151;2026-02-25;GO;SP;Cliente A;GO x SP;933;6;7129.93;499.1;7629.03
006152;APR6152;2026-02-21;PR;PE;Cliente A;PR x PE;2628;7;17875.06;1251.25;19126.31
006153;AGO6153;2025-08-05;GO;SP;Cliente A;GO x SP;933;7;5715.71;0.0;5715.71
006154;BSP6154;2025-11-30;SP;BA;Cliente B;SP x BA;1457;5;10328.12;722.97;11051.09
006155;BGO6155;2026-02-03;GO;SP;Cliente B;GO x SP;956;5;7265.05;0.0;7265.05
006156;BMG6156;2025-08-16;MG;RS;Cliente B;MG x RS;1711;5;13564.54;0.0;13564.54
006157;ASP6157;2025-08-19;SP;BA;Cliente A;SP x BA;1441;9;13847.27;969.31;14816.58
006158;ASP6158;2025-11-25;SP;CE;Cliente A;SP x CE;2804;7;24018.7;0.0;24018.7
006159;AGO6159;2026-03-16;GO;SP;Cliente A;GO x SP;923;9;6832.17;819.86;7652.03
006160;ESP6160;2025-10-20;SP;BA;Cliente E;SP x BA;1430;9;14783.85;1034.87;15818.72
006161;DSC6161;2026-03-01;SC;SP;Cliente D;SC x SP;679;5;4437.39;532.49;4969.88
006162;AMS6162;2026-01-19;MS;MG;Cliente A;MS x MG;1036;7;6693.07;0.0;6693.07
006163;ERJ6163;2025-10-13;RJ;MG;Cliente E;RJ x MG;459;5;3360.17;235.21;3595.38
006164;ASC6164;2025-10-29;SC;SP;Cliente A;SC x SP;689;5;4799.25;0.0;4799.25
006165;CGO6165;2026-03-05;GO;SP;Cliente C;GO x SP;947;9;9580.85;0.0;9580.85
006166;CMS6166;2025-08-08;MS;MG;Cliente C;MS x MG;1037;7;8403.61;0.0;8403.61
006167;ASP6167;2025-09-16;SP;CE;Cliente A;SP x CE;2802;5;20366.73;1425.67;21792.4
006168;EMS6168;2025-11-05;MS;MG;Cliente E;MS x MG;1004;6;7827.15;939.26;8766.41
006169;ASP6169;2026-03-15;SP;CE;Cliente A;SP x CE;2829;5;14558.12;0.0;14558.12
006170;DSP6170;2026-01-17;SP;BA;Cliente D;SP x BA;1427;9;14021.75;0.0;14021.75
006171;AMG6171;2025-10-28;MG;RS;Cliente A;MG x RS;1695;5;11588.63;0.0;11588.63
006172;BMG6172;2025-11-10;MG;RS;Cliente B;MG x RS;1684;6;14732.9;1031.3;15764.2
006173;AGO6173;2026-02-12;GO;SP;Cliente A;GO x SP;945;6;5544.53;665.34;6209.87
006174;APR6174;2025-12-07;PR;PE;Cliente A;PR x PE;2644;6;21720.01;2606.4;24326.41
006175;EMS6175;2025-11-26;MS;MG;Cliente E;MS x MG;1026;5;8012.83;0.0;8012.83
006176;CRJ6176;2026-01-29;RJ;MG;Cliente C;RJ x MG;440;9;4525.53;543.06;5068.59
006177;ASP6177;2026-03-01;SP;CE;Cliente A;SP x CE;2790;9;27046.08;1893.23;28939.31
006178;ARJ6178;2025-12-13;RJ;MG;Cliente A;RJ x MG;441;9;3563.24;0.0;3563.24
006179;ASP6179;2025-08-20;SP;CE;Cliente A;SP x CE;2829;6;20594.89;0.0;20594.89
006180;ESP6180;2025-09-30;SP;CE;Cliente E;SP x CE;2802;6;20345.27;1424.17;21769.44
006181;CPR6181;2025-09-15;PR;PE;Cliente C;PR x PE;2668;5;20959.06;0.0;20959.06
006182;BSC6182;2026-03-10;SC;SP;Cliente B;SC x SP;718;7;6868.6;824.23;7692.83
006183;ASC6183;2026-02-20;SC;SP;Cliente A;SC x SP;703;7;4309.64;0.0;4309.64
006184;ASC6184;2025-08-15;SC;SP;Cliente A;SC x SP;703;5;3701.07;0.0;3701.07
006185;ARJ6185;2025-11-24;RJ;MG;Cliente A;RJ x MG;433;5;3150.84;378.1;3528.94
006186;BPR6186;2025-08-27;PR;PE;Cliente B;PR x PE;2623;9;27930.5;0.0;27930.5
006187;DSP6187;2025-08-11;SP;BA;Cliente D;SP x BA;1442;6;10823.03;1298.76;12121.79
006188;BPR6188;2026-03-23;PR;PE;Cliente B;PR x PE;2643;7;21919.33;2630.32;24549.65
006189;DMS6189;2025-08-17;MS;MG;Cliente D;MS x MG;1049;7;8790.54;0.0;8790.54
006190;AMG6190;2025-10-25;MG;RS;Cliente A;MG x RS;1698;6;10539.33;0.0;10539.33
006191;ARJ6191;2025-10-19;RJ;MG;Cliente A;RJ x MG;412;5;3043.17;213.02;3256.19
006192;DSP6192;2025-12-09;SP;BA;Cliente D;SP x BA;1451;9;14065.83;984.61;15050.44
006193;ASP6193;2025-09-19;SP;CE;Cliente A;SP x CE;2840;9;20292.92;1420.5;21713.42
006194;BMS6194;2026-03-13;MS;MG;Cliente B;MS x MG;1041;7;9564.36;1147.72;10712.08
006195;APR6195;2026-02-01;PR;PE;Cliente A;PR x PE;2631;6;20471.35;0.0;20471.35
006196;ASC6196;2026-02-09;SC;SP;Cliente A;SC x SP;714;7;6140.77;0.0;6140.77
006197;ASC6197;2025-11-03;SC;SP;Cliente A;SC x SP;732;6;5892.66;707.12;6599.78
006198;ERJ6198;2025-09-11;RJ;MG;Cliente E;RJ x MG;436;9;4648.15;0.0;4648.15
006199;AMG6199;2026-03-12;MG;RS;Cliente A;MG x RS;1685;9;13751.66;0.0;13751.66
006200;BSP6200;2026-02-12;SP;BA;Cliente B;SP x BA;1428;5;9495.45;664.68;10160.13
006201;BSP6201;2026-02-26;SP;BA;Cliente B;SP x BA;1470;6;11537.7;807.64;12345.34
006202;AMS6202;2025-09-30;MS;MG;Cliente A;MS x MG;1024;7;6306.39;756.77;7063.16
006203;ASP6203;2025-09-05;SP;CE;Cliente A;SP x CE;2830;6;18292.73;1280.49;19573.22
006204;ESC6204;2026-03-20;SC;SP;Cliente E;SC x SP;703;5;4587.65;321.14;4908.79
006205;CRJ6205;2025-09-30;RJ;MG;Cliente C;RJ x MG;411;7;3422.45;410.69;3833.14
006206;CSC6206;2026-03-03;SC;SP;Cliente C;SC x SP;679;5;5286.25;0.0;5286.25
006207;AGO6207;2025-10-14;GO;SP;Cliente A;GO x SP;941;6;7645.62;917.47;8563.09
006208;ASP6208;2025-08-18;SP;BA;Cliente A;SP x BA;1443;7;12664.56;0.0;12664.56
006209;BMS6209;2025-08-12;MS;MG;Cliente B;MS x MG;1023;9;10512.14;0.0;10512.14
006210;AMS6210;2025-10-28;MS;MG;Cliente A;MS x MG;1021;5;5720.92;686.51;6407.43
006211;AMS6211;2026-02-25;MS;MG;Cliente A;MS x MG;1021;7;9501.64;0.0;9501.64
006212;DSC6212;2026-02-24;SC;SP;Cliente D;SC x SP;715;6;5230.27;0.0;5230.27
006213;BMS6213;2025-08-12;MS;MG;Cliente B;MS x MG;1017;6;8565.68;0.0;8565.68
006214;AMG6214;2026-02-25;MG;RS;Cliente A;MG x RS;1714;9;16220.08;0.0;16220.08
006215;AMG6215;2026-03-10;MG;RS;Cliente A;MG x RS;1704;5;11624.1;0.0;11624.1
006216;BRJ6216;2026-03-18;RJ;MG;Cliente B;RJ x MG;451;9;4941.84;345.93;5287.77
006217;BSC6217;2026-02-22;SC;SP;Cliente B;SC x SP;698;7;5530.14;663.62;6193.76
006218;CPR6218;2025-10-22;PR;PE;Cliente C;PR x PE;2654;7;21125.33;2535.04;23660.37
006219;ASC6219;2025-09-12;SC;SP;Cliente A;SC x SP;713;9;6896.16;827.54;7723.7
006220;CRJ6220;2025-08-20;RJ;MG;Cliente C;RJ x MG;421;5;3127.42;218.92;3346.34
006221;APR6221;2025-08-09;PR;PE;Cliente A;PR x PE;2674;9;19442.37;0.0;19442.37
006222;ARJ6222;2026-01-02;RJ;MG;Cliente A;RJ x MG;464;5;2511.95;301.43;2813.38
006223;ESP6223;2025-12-14;SP;BA;Cliente E;SP x BA;1446;6;11143.93;1337.27;12481.2
006224;ASP6224;2025-12-06;SP;BA;Cliente A;SP x BA;1411;6;12175.66;1461.08;13636.74
006225;DSC6225;2026-01-25;SC;SP;Cliente D;SC x SP;688;7;6512.25;455.86;6968.11
006226;ASP6226;2026-03-19;SP;BA;Cliente A;SP x BA;1438;6;12611.81;0.0;12611.81
006227;ASP6227;2025-12-19;SP;CE;Cliente A;SP x CE;2825;5;21934.09;0.0;21934.09
006228;DPR6228;2025-12-09;PR;PE;Cliente D;PR x PE;2670;7;21853.54;0.0;21853.54
006229;AGO6229;2025-08-07;GO;SP;Cliente A;GO x SP;946;9;7283.87;509.87;7793.74
006230;CSP6230;2025-11-10;SP;BA;Cliente C;SP x BA;1414;7;13601.62;0.0;13601.62
006231;BRJ6231;2026-02-27;RJ;MG;Cliente B;RJ x MG;453;9;4596.44;551.57;5148.01
006232;DSP6232;2026-01-22;SP;BA;Cliente D;SP x BA;1438;9;14415.07;1009.05;15424.12
006233;EPR6233;2026-03-01;PR;PE;Cliente E;PR x PE;2647;5;17455.23;1221.87;18677.1
006234;ASP6234;2025-10-28;SP;CE;Cliente A;SP x CE;2839;6;22607.35;1582.51;24189.86
006235;AGO6235;2025-09-02;GO;SP;Cliente A;GO x SP;936;7;8336.66;583.57;8920.23
006236;CPR6236;2026-03-04;PR;PE;Cliente C;PR x PE;2630;7;24930.48;1745.13;26675.61
006237;AMS6237;2026-01-14;MS;MG;Cliente A;MS x MG;1059;7;7098.55;0.0;7098.55
006238;ASC6238;2026-01-12;SC;SP;Cliente A;SC x SP;731;7;6332.98;0.0;6332.98
006239;DRJ6239;2025-08-19;RJ;MG;Cliente D;RJ x MG;423;9;4394.25;527.31;4921.56
006240;BSC6240;2026-01-03;SC;SP;Cliente B;SC x SP;688;7;5528.62;0.0;5528.62
006241;ASP6241;2026-02-11;SP;CE;Cliente A;SP x CE;2805;6;17120.8;2054.5;19175.3
006242;AMG6242;2025-09-06;MG;RS;Cliente A;MG x RS;1710;6;9967.32;1196.08;11163.4
006243;APR6243;2026-03-28;PR;PE;Cliente A;PR x PE;2672;7;22307.25;0.0;22307.25
006244;BSC6244;2025-12-06;SC;SP;Cliente B;SC x SP;706;7;5515.89;0.0;5515.89
006245;BSC6245;2025-12-28;SC;SP;Cliente B;SC x SP;690;6;5301.28;636.15;5937.43
006246;CSC6246;2026-03-05;SC;SP;Cliente C;SC x SP;693;5;4552.27;546.27;5098.54
006247;ESP6247;2025-11-02;SP;CE;Cliente E;SP x CE;2828;9;25511.78;1785.82;27297.6
006248;AMG6248;2025-12-08;MG;RS;Cliente A;MG x RS;1686;9;17017.55;0.0;17017.55
006249;CSP6249;2025-11-09;SP;BA;Cliente C;SP x BA;1418;5;9889.31;0.0;9889.31
006250;CSP6250;2025-09-20;SP;CE;Cliente C;SP x CE;2828;6;22918.55;1604.3;24522.85
006251;AMS6251;2026-02-22;MS;MG;Cliente A;MS x MG;1007;7;8675.74;0.0;8675.74
006252;BPR6252;2025-09-11;PR;PE;Cliente B;PR x PE;2640;7;22431.99;0.0;22431.99
006253;ASP6253;2026-01-29;SP;CE;Cliente A;SP x CE;2812;9;27934.82;3352.18;31287.0
006254;DSP6254;2026-02-20;SP;BA;Cliente D;SP x BA;1436;7;13545.38;0.0;13545.38
006255;CMS6255;2025-10-07;MS;MG;Cliente C;MS x MG;1037;9;11386.29;0.0;11386.29
006256;EGO6256;2025-12-28;GO;SP;Cliente E;GO x SP;942;5;6723.7;0.0;6723.7
006257;ERJ6257;2025-08-09;RJ;MG;Cliente E;RJ x MG;413;6;3326.18;0.0;3326.18
006258;AMS6258;2025-11-16;MS;MG;Cliente A;MS x MG;1027;7;7018.99;842.28;7861.27
006259;EMS6259;2025-12-11;MS;MG;Cliente E;MS x MG;1044;6;7764.63;931.76;8696.39
006260;BRJ6260;2025-11-26;RJ;MG;Cliente B;RJ x MG;424;6;3657.72;438.93;4096.65
006261;DMG6261;2025-09-19;MG;RS;Cliente D;MG x RS;1721;9;18861.03;2263.32;21124.35
006262;AMG6262;2026-01-28;MG;RS;Cliente A;MG x RS;1731;7;11858.28;1422.99;13281.27
006263;CMG6263;2025-12-25;MG;RS;Cliente C;MG x RS;1700;5;12642.64;1517.12;14159.76
006264;APR6264;2025-10-13;PR;PE;Cliente A;PR x PE;2638;5;17214.32;0.0;17214.32
006265;DMG6265;2025-09-24;MG;RS;Cliente D;MG x RS;1729;9;16173.75;0.0;16173.75
006266;CMG6266;2026-01-05;MG;RS;Cliente C;MG x RS;1690;5;12733.91;891.37;13625.28
006267;DGO6267;2025-08-14;GO;SP;Cliente D;GO x SP;936;6;6792.16;815.06;7607.22
006268;APR6268;2025-11-13;PR;PE;Cliente A;PR x PE;2620;6;22462.81;1572.4;24035.21
006269;EMG6269;2026-01-13;MG;RS;Cliente E;MG x RS;1702;7;13410.83;0.0;13410.83
006270;DGO6270;2026-03-22;GO;SP;Cliente D;GO x SP;930;5;7263.53;508.45;7771.98
006271;ARJ6271;2025-09-17;RJ;MG;Cliente A;RJ x MG;454;9;4980.17;0.0;4980.17
006272;AMS6272;2026-03-26;MS;MG;Cliente A;MS x MG;1018;5;6962.06;0.0;6962.06
006273;BSC6273;2026-03-06;SC;SP;Cliente B;SC x SP;731;6;5802.94;406.21;6209.15
006274;APR6274;2026-01-13;PR;PE;Cliente A;PR x PE;2666;9;19214.94;0.0;19214.94
006275;AGO6275;2026-02-28;GO;SP;Cliente A;GO x SP;907;9;8727.01;610.89;9337.9
006276;APR6276;2026-03-28;PR;PE;Cliente A;PR x PE;2650;7;16847.3;2021.68;18868.98
006277;AMG6277;2025-10-06;MG;RS;Cliente A;MG x RS;1719;5;12826.27;897.84;13724.11
006278;BMG6278;2026-01-23;MG;RS;Cliente B;MG x RS;1692;9;16907.91;0.0;16907.91
006279;DMG6279;2026-01-11;MG;RS;Cliente D;MG x RS;1726;5;13466.42;942.65;14409.07
006280;APR6280;2025-11-25;PR;PE;Cliente A;PR x PE;2650;6;21490.66;2578.88;24069.54
006281;EGO6281;2026-01-22;GO;SP;Cliente E;GO x SP;944;6;7892.9;0.0;7892.9
006282;ASC6282;2025-08-20;SC;SP;Cliente A;SC x SP;708;7;5648.13;0.0;5648.13
006283;BGO6283;2025-09-12;GO;SP;Cliente B;GO x SP;932;6;7121.6;0.0;7121.6
006284;AGO6284;2025-08-24;GO;SP;Cliente A;GO x SP;941;9;9289.22;650.25;9939.47
006285;BRJ6285;2025-12-22;RJ;MG;Cliente B;RJ x MG;433;5;3078.68;0.0;3078.68
006286;EMS6286;2026-02-26;MS;MG;Cliente E;MS x MG;1024;7;7962.19;557.35;8519.54
006287;ARJ6287;2025-12-17;RJ;MG;Cliente A;RJ x MG;426;5;3335.68;400.28;3735.96
006288;AMG6288;2026-02-13;MG;RS;Cliente A;MG x RS;1708;6;10563.2;0.0;10563.2
006289;ASP6289;2025-11-23;SP;CE;Cliente A;SP x CE;2837;9;30786.79;2155.08;32941.87
006290;DSP6290;2025-12-16;SP;CE;Cliente D;SP x CE;2787;6;21601.44;1512.1;23113.54
006291;AMS6291;2026-01-20;MS;MG;Cliente A;MS x MG;1018;9;10003.14;700.22;10703.36
006292;ASC6292;2025-10-10;SC;SP;Cliente A;SC x SP;697;6;4475.54;0.0;4475.54
006293;ARJ6293;2025-10-01;RJ;MG;Cliente A;RJ x MG;443;5;2256.78;157.97;2414.75
006294;AMS6294;2025-09-29;MS;MG;Cliente A;MS x MG;1024;9;10780.74;0.0;10780.74
006295;AMG6295;2025-12-26;MG;RS;Cliente A;MG x RS;1696;7;15288.06;1834.57;17122.63
006296;AGO6296;2025-10-10;GO;SP;Cliente A;GO x SP;922;7;6565.43;0.0;6565.43
006297;ARJ6297;2025-08-13;RJ;MG;Cliente A;RJ x MG;439;9;4796.46;0.0;4796.46
006298;BSP6298;2025-11-13;SP;CE;Cliente B;SP x CE;2824;9;26099.65;3131.96;29231.61
006299;AGO6299;2026-02-23;GO;SP;Cliente A;GO x SP;915;6;6574.04;788.88;7362.92
006300;CPR6300;2025-10-05;PR;PE;Cliente C;PR x PE;2644;6;19646.59;0.0;19646.59
006301;BSP6301;2025-08-14;SP;CE;Cliente B;SP x CE;2785;6;21000.37;0.0;21000.37
006302;CMS6302;2025-09-18;MS;MG;Cliente C;MS x MG;1054;5;8044.23;0.0;8044.23
006303;DGO6303;2026-03-11;GO;SP;Cliente D;GO x SP;926;6;7980.38;558.63;8539.01
006304;AGO6304;2026-02-08;GO;SP;Cliente A;GO x SP;943;5;6728.64;471.0;7199.64
006305;AGO6305;2026-02-15;GO;SP;Cliente A;GO x SP;931;7;6131.14;0.0;6131.14
006306;AMG6306;2025-11-28;MG;RS;Cliente A;MG x RS;1705;9;14017.11;1682.05;15699.16
006307;ASP6307;2025-08-12;SP;CE;Cliente A;SP x CE;2800;9;26306.58;3156.79;29463.37
006308;CRJ6308;2025-09-20;RJ;MG;Cliente C;RJ x MG;422;6;3225.83;225.81;3451.64
006309;BSP6309;2026-02-02;SP;CE;Cliente B;SP x CE;2796;9;28766.93;2013.69;30780.62
006310;ESP6310;2026-02-01;SP;CE;Cliente E;SP x CE;2790;6;22347.33;1564.31;23911.64
006311;BMS6311;2026-03-30;MS;MG;Cliente B;MS x MG;1052;5;8050.37;563.53;8613.9
006312;APR6312;2025-08-18;PR;PE;Cliente A;PR x PE;2673;6;18986.12;0.0;18986.12
006313;AMS6313;2026-01-16;MS;MG;Cliente A;MS x MG;1038;9;9278.74;0.0;9278.74
006314;AMS6314;2025-12-16;MS;MG;Cliente A;MS x MG;1032;7;8051.37;0.0;8051.37
006315;DRJ6315;2025-08-28;RJ;MG;Cliente D;RJ x MG;455;6;3929.7;0.0;3929.7
006316;AGO6316;2026-02-25;GO;SP;Cliente A;GO x SP;935;7;6498.6;779.83;7278.43
006317;BGO6317;2025-10-16;GO;SP;Cliente B;GO x SP;940;6;7747.31;0.0;7747.31
006318;DMS6318;2025-11-06;MS;MG;Cliente D;MS x MG;1004;9;9765.39;683.58;10448.97
006319;DPR6319;2026-03-05;PR;PE;Cliente D;PR x PE;2625;9;25848.53;0.0;25848.53
006320;CSP6320;2025-09-28;SP;BA;Cliente C;SP x BA;1467;5;9869.11;0.0;9869.11
006321;CSC6321;2026-03-25;SC;SP;Cliente C;SC x SP;692;5;4510.72;0.0;4510.72
006322;BMS6322;2025-08-05;MS;MG;Cliente B;MS x MG;1010;7;9644.21;0.0;9644.21
006323;ERJ6323;2025-10-16;RJ;MG;Cliente E;RJ x MG;463;5;3080.22;369.63;3449.85
006324;DSP6324;2026-02-19;SP;CE;Cliente D;SP x CE;2804;6;24550.58;0.0;24550.58
006325;BSP6325;2025-11-20;SP;CE;Cliente B;SP x CE;2783;5;18810.35;2257.24;21067.59
006326;ESP6326;2026-02-17;SP;CE;Cliente E;SP x CE;2781;7;26715.08;3205.81;29920.89
006327;CRJ6327;2026-01-22;RJ;MG;Cliente C;RJ x MG;431;6;3480.83;417.7;3898.53
006328;ASP6328;2025-09-09;SP;BA;Cliente A;SP x BA;1415;7;9817.44;1178.09;10995.53
006329;ASP6329;2025-08-02;SP;CE;Cliente A;SP x CE;2786;5;19733.86;0.0;19733.86
006330;APR6330;2025-11-19;PR;PE;Cliente A;PR x PE;2625;6;21062.01;1474.34;22536.35
006331;ASP6331;2025-12-31;SP;CE;Cliente A;SP x CE;2815;5;19422.81;2330.74;21753.55
006332;ARJ6332;2026-02-02;RJ;MG;Cliente A;RJ x MG;453;5;3526.81;0.0;3526.81
006333;CPR6333;2025-09-13;PR;PE;Cliente C;PR x PE;2663;9;24552.95;2946.35;27499.3
006334;ASP6334;2025-10-10;SP;BA;Cliente A;SP x BA;1420;9;14134.67;1696.16;15830.83
006335;ASC6335;2025-11-26;SC;SP;Cliente A;SC x SP;713;6;4166.39;0.0;4166.39
006336;ARJ6336;2025-11-21;RJ;MG;Cliente A;RJ x MG;455;7;3172.8;0.0;3172.8
006337;CPR6337;2026-01-02;PR;PE;Cliente C;PR x PE;2639;7;25129.79;3015.57;28145.36
006338;ARJ6338;2026-02-05;RJ;MG;Cliente A;RJ x MG;424;7;3679.63;0.0;3679.63
006339;ASP6339;2026-02-26;SP;CE;Cliente A;SP x CE;2804;7;23680.56;0.0;23680.56
006340;APR6340;2026-02-03;PR;PE;Cliente A;PR x PE;2663;5;19933.25;2391.99;22325.24
006341;DSP6341;2026-01-20;SP;BA;Cliente D;SP x BA;1462;9;14599.56;0.0;14599.56
006342;AMG6342;2026-01-31;MG;RS;Cliente A;MG x RS;1724;6;13315.61;1597.87;14913.48
006343;CRJ6343;2025-12-18;RJ;MG;Cliente C;RJ x MG;438;9;3943.37;0.0;3943.37
006344;DSP6344;2026-01-16;SP;BA;Cliente D;SP x BA;1416;6;11624.19;813.69;12437.88
006345;CRJ6345;2026-02-20;RJ;MG;Cliente C;RJ x MG;452;7;3871.99;464.64;4336.63
006346;AGO6346;2025-11-09;GO;SP;Cliente A;GO x SP;924;7;8341.11;0.0;8341.11
006347;ASP6347;2025-08-27;SP;CE;Cliente A;SP x CE;2781;9;22647.62;1585.33;24232.95
006348;AMG6348;2026-02-17;MG;RS;Cliente A;MG x RS;1703;9;12918.5;1550.22;14468.72
006349;ESC6349;2025-10-16;SC;SP;Cliente E;SC x SP;695;5;4498.83;0.0;4498.83
006350;ASP6350;2026-01-21;SP;CE;Cliente A;SP x CE;2821;5;22069.05;0.0;22069.05
006351;BPR6351;2025-10-24;PR;PE;Cliente B;PR x PE;2655;6;21325.61;0.0;21325.61
006352;ARJ6352;2025-09-17;RJ;MG;Cliente A;RJ x MG;444;6;3470.63;242.94;3713.57
006353;BRJ6353;2026-01-28;RJ;MG;Cliente B;RJ x MG;428;5;2881.54;201.71;3083.25
006354;CSP6354;2025-11-02;SP;BA;Cliente C;SP x BA;1461;6;11158.53;1339.02;12497.55
006355;DSC6355;2025-12-31;SC;SP;Cliente D;SC x SP;708;7;6010.2;420.71;6430.91
006356;ASP6356;2026-01-06;SP;CE;Cliente A;SP x CE;2834;9;22186.89;0.0;22186.89
006357;CSP6357;2025-10-20;SP;BA;Cliente C;SP x BA;1453;6;10587.13;741.1;11328.23
006358;APR6358;2025-11-16;PR;PE;Cliente A;PR x PE;2652;9;26908.42;3229.01;30137.43
006359;CPR6359;2025-12-04;PR;PE;Cliente C;PR x PE;2655;6;20111.38;2413.37;22524.75
006360;CMS6360;2025-08-03;MS;MG;Cliente C;MS x MG;1054;7;9134.52;1096.14;10230.66
006361;CSC6361;2025-11-15;SC;SP;Cliente C;SC x SP;701;9;7314.27;512.0;7826.27
006362;AMS6362;2025-10-14;MS;MG;Cliente A;MS x MG;1049;6;6045.02;725.4;6770.42
006363;CSC6363;2025-12-25;SC;SP;Cliente C;SC x SP;710;5;4671.21;0.0;4671.21
006364;AMS6364;2025-12-18;MS;MG;Cliente A;MS x MG;1047;9;7865.14;0.0;7865.14
006365;DGO6365;2025-11-24;GO;SP;Cliente D;GO x SP;915;5;6227.3;0.0;6227.3
006366;ASC6366;2026-02-15;SC;SP;Cliente A;SC x SP;730;5;4909.3;0.0;4909.3
006367;DSP6367;2025-09-12;SP;CE;Cliente D;SP x CE;2835;9;29014.3;0.0;29014.3
006368;AMS6368;2025-12-15;MS;MG;Cliente A;MS x MG;1035;7;6899.34;827.92;7727.26
006369;AMG6369;2025-09-04;MG;RS;Cliente A;MG x RS;1742;5;13244.74;0.0;13244.74
006370;APR6370;2025-10-03;PR;PE;Cliente A;PR x PE;2664;6;15614.03;1873.68;17487.71
006371;BPR6371;2026-01-08;PR;PE;Cliente B;PR x PE;2656;7;22672.46;1587.07;24259.53
006372;AMG6372;2025-11-25;MG;RS;Cliente A;MG x RS;1726;7;14456.09;1011.93;15468.02
006373;ESC6373;2026-03-06;SC;SP;Cliente E;SC x SP;715;7;5639.32;0.0;5639.32
006374;ARJ6374;2025-12-05;RJ;MG;Cliente A;RJ x MG;456;6;2906.41;203.45;3109.86
006375;CSC6375;2026-03-17;SC;SP;Cliente C;SC x SP;725;7;6548.72;458.41;7007.13
006376;CSC6376;2026-03-26;SC;SP;Cliente C;SC x SP;676;5;5213.93;364.98;5578.91
006377;AGO6377;2026-03-14;GO;SP;Cliente A;GO x SP;940;6;6914.43;0.0;6914.43
006378;ASP6378;2025-10-04;SP;BA;Cliente A;SP x BA;1451;7;9874.93;0.0;9874.93
006379;ARJ6379;2026-02-02;RJ;MG;Cliente A;RJ x MG;444;7;3642.21;0.0;3642.21
006380;DSP6380;2025-12-01;SP;BA;Cliente D;SP x BA;1410;6;10178.82;0.0;10178.82
006381;BSC6381;2026-01-26;SC;SP;Cliente B;SC x SP;675;5;4677.04;561.24;5238.28
006382;DPR6382;2025-09-28;PR;PE;Cliente D;PR x PE;2650;5;18521.33;0.0;18521.33
006383;ASP6383;2026-03-14;SP;BA;Cliente A;SP x BA;1430;7;9284.73;0.0;9284.73
006384;APR6384;2026-01-04;PR;PE;Cliente A;PR x PE;2624;5;18567.82;0.0;18567.82
006385;CPR6385;2026-01-05;PR;PE;Cliente C;PR x PE;2678;9;27808.23;0.0;27808.23
006386;ASP6386;2025-12-29;SP;BA;Cliente A;SP x BA;1418;5;9842.47;688.97;10531.44
006387;AMG6387;2025-10-03;MG;RS;Cliente A;MG x RS;1723;5;12612.38;0.0;12612.38
006388;EMS6388;2025-09-22;MS;MG;Cliente E;MS x MG;1053;7;9190.41;0.0;9190.41
006389;ERJ6389;2026-02-17;RJ;MG;Cliente E;RJ x MG;422;5;3280.76;0.0;3280.76
006390;BRJ6390;2025-12-06;RJ;MG;Cliente B;RJ x MG;411;6;3355.51;234.89;3590.4
006391;ASP6391;2026-03-09;SP;CE;Cliente A;SP x CE;2788;9;27376.31;0.0;27376.31
006392;ASC6392;2025-08-05;SC;SP;Cliente A;SC x SP;724;5;4652.45;325.67;4978.12
006393;AMG6393;2025-11-17;MG;RS;Cliente A;MG x RS;1722;9;15670.47;0.0;15670.47
006394;CPR6394;2025-10-19;PR;PE;Cliente C;PR x PE;2637;5;17207.76;0.0;17207.76
006395;ASP6395;2025-10-19;SP;CE;Cliente A;SP x CE;2805;5;21088.51;0.0;21088.51
006396;AGO6396;2025-08-30;GO;SP;Cliente A;GO x SP;901;9;9207.11;644.5;9851.61
006397;AMS6397;2026-01-27;MS;MG;Cliente A;MS x MG;1044;6;6303.27;756.39;7059.66
006398;ASP6398;2026-02-04;SP;CE;Cliente A;SP x CE;2788;7;25641.64;3077.0;28718.64
006399;ASP6399;2025-12-06;SP;BA;Cliente A;SP x BA;1426;5;9916.67;694.17;10610.84
006400;APR6400;2026-03-17;PR;PE;Cliente A;PR x PE;2636;5;19789.08;1385.24;21174.32
006401;AMS6401;2025-11-29;MS;MG;Cliente A;MS x MG;1014;5;5925.82;414.81;6340.63
006402;CRJ6402;2025-10-03;RJ;MG;Cliente C;RJ x MG;418;7;3569.75;0.0;3569.75
006403;ASP6403;2025-08-31;SP;BA;Cliente A;SP x BA;1446;7;13648.2;955.37;14603.57
006404;ASP6404;2026-03-10;SP;BA;Cliente A;SP x BA;1466;9;11797.16;1415.66;13212.82
006405;ASP6405;2025-12-23;SP;CE;Cliente A;SP x CE;2792;7;25513.9;3061.67;28575.57
006406;CSC6406;2026-02-04;SC;SP;Cliente C;SC x SP;724;6;6231.47;0.0;6231.47
006407;APR6407;2025-08-07;PR;PE;Cliente A;PR x PE;2620;9;19418.63;0.0;19418.63
006408;ASP6408;2026-03-06;SP;CE;Cliente A;SP x CE;2780;9;26628.12;1863.97;28492.09
006409;ASC6409;2026-01-30;SC;SP;Cliente A;SC x SP;678;6;3782.87;453.94;4236.81
006410;DSP6410;2025-12-27;SP;CE;Cliente D;SP x CE;2809;5;18401.07;2208.13;20609.2
006411;AMS6411;2025-09-30;MS;MG;Cliente A;MS x MG;1026;6;6562.86;0.0;6562.86
006412;ASP6412;2025-10-09;SP;CE;Cliente A;SP x CE;2800;9;22884.49;1601.91;24486.4
006413;ASP6413;2025-11-28;SP;BA;Cliente A;SP x BA;1420;9;10115.99;708.12;10824.11
006414;BMG6414;2026-03-07;MG;RS;Cliente B;MG x RS;1711;7;13674.04;1640.88;15314.92
006415;DMS6415;2025-09-07;MS;MG;Cliente D;MS x MG;1012;7;8034.01;964.08;8998.09
006416;AMS6416;2025-10-06;MS;MG;Cliente A;MS x MG;1042;7;8431.5;0.0;8431.5
006417;BGO6417;2025-08-27;GO;SP;Cliente B;GO x SP;902;9;9591.22;671.39;10262.61
006418;AGO6418;2026-02-27;GO;SP;Cliente A;GO x SP;904;6;7454.03;0.0;7454.03
006419;AMG6419;2025-08-06;MG;RS;Cliente A;MG x RS;1740;5;11669.43;0.0;11669.43
006420;ASP6420;2025-09-01;SP;BA;Cliente A;SP x BA;1467;7;9652.43;1158.29;10810.72
006421;ERJ6421;2025-11-06;RJ;MG;Cliente E;RJ x MG;435;5;3239.4;226.76;3466.16
006422;AMG6422;2026-03-15;MG;RS;Cliente A;MG x RS;1699;9;13172.32;0.0;13172.32
006423;DMG6423;2026-03-14;MG;RS;Cliente D;MG x RS;1713;9;17293.1;2075.17;19368.27
006424;APR6424;2026-01-12;PR;PE;Cliente A;PR x PE;2646;6;21101.35;0.0;21101.35
006425;BMS6425;2025-12-01;MS;MG;Cliente B;MS x MG;1023;7;8979.24;1077.51;10056.75
006426;AMG6426;2025-10-21;MG;RS;Cliente A;MG x RS;1693;5;10919.32;0.0;10919.32
006427;AMS6427;2025-12-14;MS;MG;Cliente A;MS x MG;1050;9;8100.32;567.02;8667.34
006428;AGO6428;2025-10-08;GO;SP;Cliente A;GO x SP;938;6;7900.5;0.0;7900.5
006429;EGO6429;2025-10-30;GO;SP;Cliente E;GO x SP;932;9;10170.28;0.0;10170.28
006430;APR6430;2026-02-23;PR;PE;Cliente A;PR x PE;2635;7;22222.93;0.0;22222.93
006431;DSP6431;2025-12-23;SP;CE;Cliente D;SP x CE;2840;6;24673.56;0.0;24673.56
006432;BMG6432;2025-08-10;MG;RS;Cliente B;MG x RS;1693;9;15434.74;1080.43;16515.17
006433;ASC6433;2026-03-23;SC;SP;Cliente A;SC x SP;675;7;6251.8;437.63;6689.43
006434;AMS6434;2025-12-29;MS;MG;Cliente A;MS x MG;1000;6;7326.54;879.18;8205.72
006435;ASP6435;2025-12-29;SP;CE;Cliente A;SP x CE;2825;9;20777.17;1454.4;22231.57
006436;ERJ6436;2026-01-14;RJ;MG;Cliente E;RJ x MG;454;9;4358.05;0.0;4358.05
006437;CSP6437;2025-11-05;SP;CE;Cliente C;SP x CE;2794;6;21249.11;0.0;21249.11
006438;APR6438;2026-03-31;PR;PE;Cliente A;PR x PE;2666;5;19404.68;0.0;19404.68
006439;EMS6439;2026-03-24;MS;MG;Cliente E;MS x MG;1010;7;9358.96;0.0;9358.96
006440;CSP6440;2025-09-06;SP;BA;Cliente C;SP x BA;1469;9;14144.61;1697.35;15841.96
006441;APR6441;2026-02-27;PR;PE;Cliente A;PR x PE;2660;5;19629.82;0.0;19629.82
006442;BMS6442;2025-10-03;MS;MG;Cliente B;MS x MG;1015;6;8381.09;586.68;8967.77
006443;EMS6443;2025-11-21;MS;MG;Cliente E;MS x MG;1002;9;10502.71;0.0;10502.71
006444;ASC6444;2025-10-29;SC;SP;Cliente A;SC x SP;731;9;6681.73;467.72;7149.45
006445;ASC6445;2025-10-15;SC;SP;Cliente A;SC x SP;679;5;3558.59;427.03;3985.62
006446;ARJ6446;2025-12-19;RJ;MG;Cliente A;RJ x MG;414;5;3269.16;392.3;3661.46
006447;DMS6447;2026-01-03;MS;MG;Cliente D;MS x MG;1026;6;8812.27;616.86;9429.13
006448;AGO6448;2026-01-26;GO;SP;Cliente A;GO x SP;908;9;9889.79;0.0;9889.79
006449;DMG6449;2025-08-25;MG;RS;Cliente D;MG x RS;1701;6;12198.31;0.0;12198.31
006450;BPR6450;2025-08-01;PR;PE;Cliente B;PR x PE;2623;7;22455.69;2694.68;25150.37
006451;ASP6451;2025-09-13;SP;BA;Cliente A;SP x BA;1411;6;12326.9;862.88;13189.78
006452;ARJ6452;2026-03-18;RJ;MG;Cliente A;RJ x MG;434;9;3957.5;0.0;3957.5
006453;ASP6453;2025-11-03;SP;CE;Cliente A;SP x CE;2836;9;19928.25;2391.39;22319.64
006454;AMG6454;2025-09-08;MG;RS;Cliente A;MG x RS;1718;5;12752.52;1530.3;14282.82
006455;BRJ6455;2025-12-20;RJ;MG;Cliente B;RJ x MG;452;6;3250.07;390.01;3640.08
006456;BSC6456;2025-11-30;SC;SP;Cliente B;SC x SP;711;6;5397.78;377.84;5775.62
006457;BPR6457;2025-09-14;PR;PE;Cliente B;PR x PE;2627;9;28743.99;2012.08;30756.07
006458;APR6458;2025-08-21;PR;PE;Cliente A;PR x PE;2622;9;25827.25;0.0;25827.25
006459;CPR6459;2025-10-21;PR;PE;Cliente C;PR x PE;2673;7;25273.18;0.0;25273.18
006460;ASP6460;2025-12-20;SP;BA;Cliente A;SP x BA;1434;9;10499.97;735.0;11234.97
006461;DRJ6461;2025-09-08;RJ;MG;Cliente D;RJ x MG;411;9;3797.61;0.0;3797.61
006462;ESP6462;2025-12-23;SP;BA;Cliente E;SP x BA;1469;5;11155.3;0.0;11155.3
006463;BSP6463;2025-10-07;SP;CE;Cliente B;SP x CE;2836;9;27619.71;3314.37;30934.08
006464;APR6464;2025-09-06;PR;PE;Cliente A;PR x PE;2637;9;27350.24;3282.03;30632.27
006465;AGO6465;2026-03-24;GO;SP;Cliente A;GO x SP;899;9;6692.93;803.15;7496.08
006466;AMG6466;2026-03-08;MG;RS;Cliente A;MG x RS;1735;9;15846.99;0.0;15846.99
006467;AMG6467;2026-02-15;MG;RS;Cliente A;MG x RS;1729;9;16421.21;1149.48;17570.69
006468;ASC6468;2026-02-06;SC;SP;Cliente A;SC x SP;688;9;6895.53;482.69;7378.22
006469;BPR6469;2026-01-29;PR;PE;Cliente B;PR x PE;2624;7;22848.67;1599.41;24448.08
006470;AGO6470;2026-03-03;GO;SP;Cliente A;GO x SP;952;6;5301.2;636.14;5937.34
006471;DGO6471;2026-02-27;GO;SP;Cliente D;GO x SP;913;7;7878.1;551.47;8429.57
006472;DMS6472;2025-12-04;MS;MG;Cliente D;MS x MG;1014;7;8993.15;1079.18;10072.33
006473;CSP6473;2026-03-03;SP;CE;Cliente C;SP x CE;2802;6;24088.67;0.0;24088.67
006474;DSP6474;2025-11-07;SP;BA;Cliente D;SP x BA;1428;5;9254.47;0.0;9254.47
006475;EGO6475;2026-01-13;GO;SP;Cliente E;GO x SP;950;6;7094.01;851.28;7945.29
006476;BMS6476;2025-11-30;MS;MG;Cliente B;MS x MG;1054;5;8215.99;0.0;8215.99
006477;CMS6477;2026-01-03;MS;MG;Cliente C;MS x MG;1013;7;9379.78;1125.57;10505.35
006478;ARJ6478;2025-11-26;RJ;MG;Cliente A;RJ x MG;458;7;3016.4;0.0;3016.4
006479;CRJ6479;2025-08-02;RJ;MG;Cliente C;RJ x MG;441;5;3168.61;0.0;3168.61
006480;AMG6480;2025-12-02;MG;RS;Cliente A;MG x RS;1701;5;10046.7;0.0;10046.7
006481;AMG6481;2025-09-18;MG;RS;Cliente A;MG x RS;1723;7;11919.16;0.0;11919.16
006482;CRJ6482;2026-01-22;RJ;MG;Cliente C;RJ x MG;446;7;3580.88;429.71;4010.59
006483;AMG6483;2025-11-12;MG;RS;Cliente A;MG x RS;1740;9;12206.16;0.0;12206.16
006484;CGO6484;2026-01-23;GO;SP;Cliente C;GO x SP;917;6;7326.55;0.0;7326.55
006485;DSP6485;2026-03-05;SP;CE;Cliente D;SP x CE;2812;7;22733.54;0.0;22733.54
006486;CPR6486;2025-11-29;PR;PE;Cliente C;PR x PE;2638;5;17411.1;1218.78;18629.88
006487;DSP6487;2025-09-26;SP;CE;Cliente D;SP x CE;2821;5;19596.94;0.0;19596.94
006488;ARJ6488;2025-11-04;RJ;MG;Cliente A;RJ x MG;454;7;2903.06;0.0;2903.06
006489;BMS6489;2025-11-29;MS;MG;Cliente B;MS x MG;1054;5;8180.49;0.0;8180.49
006490;DRJ6490;2025-11-14;RJ;MG;Cliente D;RJ x MG;437;7;3439.2;0.0;3439.2
006491;AGO6491;2025-12-24;GO;SP;Cliente A;GO x SP;917;9;10106.83;707.48;10814.31
006492;ESP6492;2026-01-09;SP;BA;Cliente E;SP x BA;1441;7;13826.81;967.88;14794.69
006493;ASC6493;2026-02-11;SC;SP;Cliente A;SC x SP;692;6;5577.5;390.43;5967.93
006494;ARJ6494;2025-11-12;RJ;MG;Cliente A;RJ x MG;444;9;4413.13;308.92;4722.05
006495;ESP6495;2026-03-17;SP;CE;Cliente E;SP x CE;2840;5;19585.71;0.0;19585.71
006496;AMS6496;2026-01-08;MS;MG;Cliente A;MS x MG;1042;5;7033.56;0.0;7033.56
006497;APR6497;2025-12-07;PR;PE;Cliente A;PR x PE;2626;9;24369.06;0.0;24369.06
006498;AMG6498;2025-11-20;MG;RS;Cliente A;MG x RS;1711;7;16445.49;1973.46;18418.95
006499;AGO6499;2025-08-05;GO;SP;Cliente A;GO x SP;906;9;7154.81;500.84;7655.65
006500;CPR6500;2026-01-30;PR;PE;Cliente C;PR x PE;2627;7;23573.38;2828.81;26402.19
006501;EMS6501;2026-01-17;MS;MG;Cliente E;MS x MG;1037;5;6812.96;0.0;6812.96
006502;ASP6502;2025-11-06;SP;BA;Cliente A;SP x BA;1436;9;10471.66;0.0;10471.66
006503;AMS6503;2026-01-17;MS;MG;Cliente A;MS x MG;1018;9;7770.8;0.0;7770.8
006504;DPR6504;2025-12-09;PR;PE;Cliente D;PR x PE;2646;5;19847.96;1389.36;21237.32
006505;ASC6505;2026-02-16;SC;SP;Cliente A;SC x SP;687;6;4166.44;499.97;4666.41
006506;APR6506;2026-03-22;PR;PE;Cliente A;PR x PE;2622;9;21394.82;1497.64;22892.46
006507;ASP6507;2026-03-02;SP;BA;Cliente A;SP x BA;1468;5;10508.69;0.0;10508.69
006508;ESP6508;2026-03-20;SP;BA;Cliente E;SP x BA;1456;5;9893.86;1187.26;11081.12
006509;ASC6509;2026-02-25;SC;SP;Cliente A;SC x SP;678;5;3415.83;409.9;3825.73
006510;ASP6510;2025-08-03;SP;BA;Cliente A;SP x BA;1416;5;10501.93;1260.23;11762.16
006511;BMG6511;2025-11-04;MG;RS;Cliente B;MG x RS;1738;5;13291.91;1595.03;14886.94
006512;ASC6512;2026-01-24;SC;SP;Cliente A;SC x SP;692;9;7352.35;0.0;7352.35
006513;ASP6513;2026-03-30;SP;BA;Cliente A;SP x BA;1418;5;9306.56;0.0;9306.56
006514;BSC6514;2026-02-16;SC;SP;Cliente B;SC x SP;686;9;6645.3;465.17;7110.47
006515;BSC6515;2025-11-21;SC;SP;Cliente B;SC x SP;682;9;6153.48;738.42;6891.9
006516;AGO6516;2025-12-11;GO;SP;Cliente A;GO x SP;938;7;8503.98;595.28;9099.26
006517;BSP6517;2025-09-08;SP;CE;Cliente B;SP x CE;2822;9;30217.82;0.0;30217.82
006518;CMS6518;2025-12-08;MS;MG;Cliente C;MS x MG;999;6;8511.41;0.0;8511.41
006519;ASP6519;2025-10-22;SP;BA;Cliente A;SP x BA;1458;9;11965.71;837.6;12803.31
006520;CRJ6520;2025-08-21;RJ;MG;Cliente C;RJ x MG;429;6;3372.89;0.0;3372.89
006521;BSP6521;2025-11-23;SP;BA;Cliente B;SP x BA;1464;9;14049.47;0.0;14049.47
006522;EMS6522;2025-11-14;MS;MG;Cliente E;MS x MG;1005;9;9046.15;0.0;9046.15
006523;AMG6523;2026-01-15;MG;RS;Cliente A;MG x RS;1738;6;15105.35;1057.37;16162.72
006524;ASC6524;2026-01-31;SC;SP;Cliente A;SC x SP;696;9;7270.64;508.94;7779.58
006525;ASP6525;2025-12-19;SP;CE;Cliente A;SP x CE;2802;7;25411.0;1778.77;27189.77
006526;BPR6526;2025-08-28;PR;PE;Cliente B;PR x PE;2672;9;25291.45;1770.4;27061.85
006527;AGO6527;2026-01-31;GO;SP;Cliente A;GO x SP;925;6;5828.99;408.03;6237.02
006528;ESC6528;2025-12-06;SC;SP;Cliente E;SC x SP;704;6;4994.75;0.0;4994.75
006529;CRJ6529;2026-03-25;RJ;MG;Cliente C;RJ x MG;457;9;4572.38;0.0;4572.38
006530;APR6530;2025-08-27;PR;PE;Cliente A;PR x PE;2666;6;16377.38;0.0;16377.38
006531;BRJ6531;2025-10-10;RJ;MG;Cliente B;RJ x MG;430;6;3336.33;400.36;3736.69
006532;BPR6532;2026-01-02;PR;PE;Cliente B;PR x PE;2628;9;27364.13;0.0;27364.13
006533;ASP6533;2025-09-21;SP;CE;Cliente A;SP x CE;2825;6;17679.74;0.0;17679.74
006534;DPR6534;2025-12-07;PR;PE;Cliente D;PR x PE;2665;6;21327.87;0.0;21327.87
006535;DSP6535;2025-12-22;SP;BA;Cliente D;SP x BA;1458;7;12624.36;0.0;12624.36
006536;DRJ6536;2026-03-13;RJ;MG;Cliente D;RJ x MG;447;7;4173.87;0.0;4173.87
006537;BSP6537;2025-09-07;SP;BA;Cliente B;SP x BA;1411;9;12752.28;1530.27;14282.55
006538;EPR6538;2025-09-07;PR;PE;Cliente E;PR x PE;2638;7;24593.7;0.0;24593.7
006539;AGO6539;2025-10-31;GO;SP;Cliente A;GO x SP;944;5;6193.85;0.0;6193.85
006540;EGO6540;2025-09-30;GO;SP;Cliente E;GO x SP;943;9;9440.1;0.0;9440.1
006541;DMG6541;2026-03-26;MG;RS;Cliente D;MG x RS;1726;5;12059.41;1447.13;13506.54
006542;CMS6542;2025-09-21;MS;MG;Cliente C;MS x MG;999;7;8909.12;0.0;8909.12
006543;BGO6543;2026-02-10;GO;SP;Cliente B;GO x SP;954;7;8451.02;0.0;8451.02
006544;AGO6544;2025-09-15;GO;SP;Cliente A;GO x SP;914;9;8302.09;0.0;8302.09
006545;ESP6545;2025-11-18;SP;BA;Cliente E;SP x BA;1434;5;9795.15;685.66;10480.81
006546;CMG6546;2025-11-28;MG;RS;Cliente C;MG x RS;1682;7;15277.48;1069.42;16346.9
006547;AMS6547;2025-12-04;MS;MG;Cliente A;MS x MG;1048;7;9209.61;1105.15;10314.76
006548;BGO6548;2026-02-18;GO;SP;Cliente B;GO x SP;907;5;6508.03;780.96;7288.99
006549;ASP6549;2026-01-17;SP;CE;Cliente A;SP x CE;2794;6;16485.46;1978.26;18463.72
006550;CMS6550;2025-11-23;MS;MG;Cliente C;MS x MG;1006;7;8263.93;0.0;8263.93
006551;CGO6551;2025-11-06;GO;SP;Cliente C;GO x SP;898;7;8499.1;0.0;8499.1
006552;AMG6552;2025-08-07;MG;RS;Cliente A;MG x RS;1716;7;15943.19;1913.18;17856.37
006553;BMS6553;2025-10-22;MS;MG;Cliente B;MS x MG;1017;6;8089.93;0.0;8089.93
006554;AMS6554;2025-09-23;MS;MG;Cliente A;MS x MG;1039;5;7880.52;0.0;7880.52
006555;ASP6555;2026-01-13;SP;BA;Cliente A;SP x BA;1423;9;12918.36;0.0;12918.36
006556;ASC6556;2025-08-10;SC;SP;Cliente A;SC x SP;720;7;4412.33;0.0;4412.33
006557;CSP6557;2026-03-22;SP;BA;Cliente C;SP x BA;1446;6;10879.66;1305.56;12185.22
006558;BSP6558;2026-01-20;SP;CE;Cliente B;SP x CE;2781;9;25519.57;1786.37;27305.94
006559;EMS6559;2025-10-31;MS;MG;Cliente E;MS x MG;1043;5;8156.54;978.78;9135.32
006560;CSP6560;2025-11-06;SP;BA;Cliente C;SP x BA;1428;9;13943.87;0.0;13943.87
006561;BPR6561;2025-09-04;PR;PE;Cliente B;PR x PE;2654;6;22154.66;0.0;22154.66
006562;BMG6562;2025-10-16;MG;RS;Cliente B;MG x RS;1722;6;14172.79;0.0;14172.79
006563;ESP6563;2025-12-20;SP;CE;Cliente E;SP x CE;2840;5;21978.82;1538.52;23517.34
006564;ARJ6564;2025-10-18;RJ;MG;Cliente A;RJ x MG;438;5;2488.02;0.0;2488.02
006565;ARJ6565;2025-09-11;RJ;MG;Cliente A;RJ x MG;461;6;2839.57;198.77;3038.34
006566;AMS6566;2026-01-13;MS;MG;Cliente A;MS x MG;1053;9;10048.4;703.39;10751.79
006567;ASC6567;2025-10-31;SC;SP;Cliente A;SC x SP;735;7;4994.75;349.63;5344.38
006568;ASP6568;2025-10-24;SP;CE;Cliente A;SP x CE;2811;9;26914.09;0.0;26914.09
006569;CSP6569;2025-11-18;SP;CE;Cliente C;SP x CE;2831;7;22880.09;1601.61;24481.7
006570;DRJ6570;2025-09-04;RJ;MG;Cliente D;RJ x MG;421;7;3800.46;456.06;4256.52
006571;BSC6571;2025-12-03;SC;SP;Cliente B;SC x SP;697;7;6127.04;428.89;6555.93
006572;APR6572;2025-10-07;PR;PE;Cliente A;PR x PE;2677;6;21803.95;0.0;21803.95
006573;AMS6573;2026-02-13;MS;MG;Cliente A;MS x MG;1051;9;11404.29;0.0;11404.29
006574;BSC6574;2025-11-02;SC;SP;Cliente B;SC x SP;716;6;5548.89;0.0;5548.89
006575;CMG6575;2025-12-07;MG;RS;Cliente C;MG x RS;1690;9;16916.27;1184.14;18100.41
006576;DGO6576;2026-02-10;GO;SP;Cliente D;GO x SP;950;6;7557.35;529.01;8086.36
006577;CPR6577;2026-03-29;PR;PE;Cliente C;PR x PE;2667;9;25836.4;3100.37;28936.77
006578;ASP6578;2025-09-29;SP;BA;Cliente A;SP x BA;1426;7;8980.26;0.0;8980.26
006579;ARJ6579;2026-03-14;RJ;MG;Cliente A;RJ x MG;434;9;3567.59;428.11;3995.7
006580;EMG6580;2025-11-05;MG;RS;Cliente E;MG x RS;1719;6;14079.6;985.57;15065.17
006581;BMG6581;2025-12-11;MG;RS;Cliente B;MG x RS;1706;6;13259.64;0.0;13259.64
006582;ASC6582;2026-03-16;SC;SP;Cliente A;SC x SP;725;9;7243.77;507.06;7750.83
006583;ASP6583;2025-09-24;SP;BA;Cliente A;SP x BA;1442;7;9001.93;0.0;9001.93
006584;AGO6584;2026-02-01;GO;SP;Cliente A;GO x SP;922;7;6285.74;440.0;6725.74
006585;DRJ6585;2025-08-12;RJ;MG;Cliente D;RJ x MG;405;6;2957.84;0.0;2957.84
006586;AMS6586;2025-08-15;MS;MG;Cliente A;MS x MG;1056;6;6831.24;0.0;6831.24
006587;AMS6587;2026-03-31;MS;MG;Cliente A;MS x MG;1055;7;6927.78;0.0;6927.78
006588;BPR6588;2026-01-01;PR;PE;Cliente B;PR x PE;2634;9;24307.25;0.0;24307.25
006589;EPR6589;2025-09-12;PR;PE;Cliente E;PR x PE;2659;7;24222.81;2906.74;27129.55
006590;CSP6590;2025-11-07;SP;BA;Cliente C;SP x BA;1424;9;13109.28;1573.11;14682.39
006591;ASP6591;2026-03-19;SP;BA;Cliente A;SP x BA;1421;9;12800.3;0.0;12800.3
006592;BSP6592;2026-01-16;SP;BA;Cliente B;SP x BA;1415;9;13020.76;0.0;13020.76
006593;ARJ6593;2025-11-03;RJ;MG;Cliente A;RJ x MG;437;9;4548.07;545.77;5093.84
006594;ERJ6594;2025-11-17;RJ;MG;Cliente E;RJ x MG;426;5;2815.51;197.09;3012.6
006595;AMG6595;2025-10-05;MG;RS;Cliente A;MG x RS;1720;9;13543.56;0.0;13543.56
006596;CSP6596;2025-11-05;SP;BA;Cliente C;SP x BA;1443;5;10682.79;0.0;10682.79
006597;ARJ6597;2025-09-09;RJ;MG;Cliente A;RJ x MG;427;5;3116.11;373.93;3490.04
006598;CSP6598;2026-01-22;SP;CE;Cliente C;SP x CE;2819;7;23976.41;2877.17;26853.58
006599;ASP6599;2025-10-04;SP;CE;Cliente A;SP x CE;2815;9;28579.31;0.0;28579.31
006600;APR6600;2026-02-08;PR;PE;Cliente A;PR x PE;2674;5;15291.39;0.0;15291.39
006601;AGO6601;2026-02-18;GO;SP;Cliente A;GO x SP;928;9;7119.6;0.0;7119.6
006602;DMS6602;2026-01-10;MS;MG;Cliente D;MS x MG;1009;9;9016.67;631.17;9647.84
006603;BRJ6603;2025-10-07;RJ;MG;Cliente B;RJ x MG;409;5;2757.97;193.06;2951.03
006604;ERJ6604;2026-01-05;RJ;MG;Cliente E;RJ x MG;463;9;4777.87;334.45;5112.32
006605;EPR6605;2025-11-21;PR;PE;Cliente E;PR x PE;2660;9;23801.04;0.0;23801.04
006606;BMG6606;2026-02-17;MG;RS;Cliente B;MG x RS;1694;5;12398.83;0.0;12398.83
006607;APR6607;2025-11-01;PR;PE;Cliente A;PR x PE;2663;5;13321.03;1598.52;14919.55
006608;ERJ6608;2025-11-12;RJ;MG;Cliente E;RJ x MG;426;9;4332.6;0.0;4332.6
006609;ESP6609;2025-12-19;SP;BA;Cliente E;SP x BA;1468;5;10039.44;0.0;10039.44
006610;CSP6610;2025-09-27;SP;CE;Cliente C;SP x CE;2802;7;24914.75;2989.77;27904.52
006611;CMS6611;2025-11-13;MS;MG;Cliente C;MS x MG;1015;6;8060.9;0.0;8060.9
006612;BMG6612;2026-02-22;MG;RS;Cliente B;MG x RS;1703;5;12240.76;1468.89;13709.65
006613;DSC6613;2026-02-14;SC;SP;Cliente D;SC x SP;699;9;6599.93;791.99;7391.92
006614;DSC6614;2025-12-02;SC;SP;Cliente D;SC x SP;732;5;4818.25;337.28;5155.53
006615;DGO6615;2025-11-14;GO;SP;Cliente D;GO x SP;947;7;9032.08;0.0;9032.08
006616;AMG6616;2025-08-24;MG;RS;Cliente A;MG x RS;1697;7;11707.87;819.55;12527.42
006617;BSP6617;2026-03-17;SP;CE;Cliente B;SP x CE;2802;6;22571.9;1580.03;24151.93
006618;BGO6618;2026-03-12;GO;SP;Cliente B;GO x SP;911;6;6864.72;480.53;7345.25
006619;CSP6619;2025-08-31;SP;CE;Cliente C;SP x CE;2789;5;21777.31;0.0;21777.31
006620;DSC6620;2026-02-12;SC;SP;Cliente D;SC x SP;714;5;5506.41;0.0;5506.41
006621;BSP6621;2025-12-05;SP;CE;Cliente B;SP x CE;2819;7;26587.47;0.0;26587.47
006622;CMG6622;2026-02-12;MG;RS;Cliente C;MG x RS;1713;6;14788.78;1035.21;15823.99
006623;EPR6623;2025-12-01;PR;PE;Cliente E;PR x PE;2623;9;28647.79;3437.73;32085.52
006624;APR6624;2026-01-26;PR;PE;Cliente A;PR x PE;2649;5;18241.99;1276.94;19518.93
006625;ASP6625;2026-01-04;SP;BA;Cliente A;SP x BA;1430;7;11606.21;1392.75;12998.96
006626;BSP6626;2025-12-06;SP;CE;Cliente B;SP x CE;2803;6;21871.54;2624.58;24496.12
006627;ARJ6627;2025-09-16;RJ;MG;Cliente A;RJ x MG;421;9;4633.51;0.0;4633.51
006628;AMG6628;2025-12-21;MG;RS;Cliente A;MG x RS;1733;6;13396.51;937.76;14334.27
006629;BMS6629;2025-12-06;MS;MG;Cliente B;MS x MG;1010;9;9302.86;0.0;9302.86
006630;CSP6630;2025-10-16;SP;CE;Cliente C;SP x CE;2830;9;26767.05;0.0;26767.05
006631;ARJ6631;2025-08-16;RJ;MG;Cliente A;RJ x MG;410;6;2374.91;0.0;2374.91
006632;ASC6632;2025-10-06;SC;SP;Cliente A;SC x SP;722;7;4830.17;0.0;4830.17
006633;ASP6633;2025-09-01;SP;CE;Cliente A;SP x CE;2781;9;21793.23;0.0;21793.23
006634;CPR6634;2025-10-30;PR;PE;Cliente C;PR x PE;2669;7;22343.31;0.0;22343.31
006635;ESC6635;2025-11-06;SC;SP;Cliente E;SC x SP;731;5;5366.15;375.63;5741.78
006636;ASP6636;2026-03-06;SP;CE;Cliente A;SP x CE;2806;9;25515.27;3061.83;28577.1
006637;AMG6637;2026-01-02;MG;RS;Cliente A;MG x RS;1727;7;14285.41;1714.25;15999.66
006638;ESC6638;2025-09-17;SC;SP;Cliente E;SC x SP;701;6;5978.82;418.52;6397.34
006639;DMG6639;2025-09-23;MG;RS;Cliente D;MG x RS;1742;5;11600.92;812.06;12412.98
006640;BMS6640;2025-12-13;MS;MG;Cliente B;MS x MG;1000;9;10550.62;1266.07;11816.69
006641;CPR6641;2025-10-19;PR;PE;Cliente C;PR x PE;2625;9;24707.5;0.0;24707.5
006642;BPR6642;2025-08-08;PR;PE;Cliente B;PR x PE;2628;6;18781.85;2253.82;21035.67
006643;BSC6643;2025-12-19;SC;SP;Cliente B;SC x SP;730;7;6272.86;0.0;6272.86
006644;DPR6644;2026-01-09;PR;PE;Cliente D;PR x PE;2657;9;27942.17;0.0;27942.17
006645;BMG6645;2025-12-02;MG;RS;Cliente B;MG x RS;1740;7;15256.99;0.0;15256.99
006646;BMG6646;2025-10-06;MG;RS;Cliente B;MG x RS;1705;9;15781.31;1104.69;16886.0
006647;AMG6647;2026-01-24;MG;RS;Cliente A;MG x RS;1712;5;13437.68;940.64;14378.32
006648;ERJ6648;2025-12-31;RJ;MG;Cliente E;RJ x MG;455;7;3729.98;447.6;4177.58
006649;ARJ6649;2025-11-10;RJ;MG;Cliente A;RJ x MG;460;9;3625.51;0.0;3625.51
006650;AGO6650;2025-11-17;GO;SP;Cliente A;GO x SP;912;5;6559.86;0.0;6559.86
006651;CMG6651;2025-11-14;MG;RS;Cliente C;MG x RS;1700;7;13800.26;966.02;14766.28
006652;ASP6652;2026-01-06;SP;BA;Cliente A;SP x BA;1450;9;15099.58;1811.95;16911.53
006653;APR6653;2025-09-17;PR;PE;Cliente A;PR x PE;2623;5;17928.79;2151.45;20080.24
006654;EMS6654;2025-09-08;MS;MG;Cliente E;MS x MG;1013;5;6511.01;781.32;7292.33
006655;ASC6655;2026-01-26;SC;SP;Cliente A;SC x SP;698;9;6719.49;0.0;6719.49
006656;AMS6656;2025-08-19;MS;MG;Cliente A;MS x MG;1016;9;9459.88;0.0;9459.88
006657;ARJ6657;2025-09-01;RJ;MG;Cliente A;RJ x MG;457;5;3425.17;411.02;3836.19
006658;AMS6658;2026-02-05;MS;MG;Cliente A;MS x MG;1011;9;10142.78;0.0;10142.78
006659;BRJ6659;2026-03-28;RJ;MG;Cliente B;RJ x MG;447;7;3740.35;0.0;3740.35
006660;ASP6660;2026-01-11;SP;BA;Cliente A;SP x BA;1426;9;10594.53;741.62;11336.15
006661;AGO6661;2025-10-23;GO;SP;Cliente A;GO x SP;936;9;7471.95;0.0;7471.95
006662;AGO6662;2025-12-27;GO;SP;Cliente A;GO x SP;896;5;6388.29;0.0;6388.29
006663;ASP6663;2025-12-06;SP;BA;Cliente A;SP x BA;1425;6;8779.96;0.0;8779.96
006664;EMS6664;2026-01-13;MS;MG;Cliente E;MS x MG;1002;7;8070.86;0.0;8070.86
006665;APR6665;2025-10-21;PR;PE;Cliente A;PR x PE;2651;6;22316.64;0.0;22316.64
006666;BGO6666;2025-10-31;GO;SP;Cliente B;GO x SP;897;9;9386.52;657.06;10043.58
006667;BSC6667;2025-12-17;SC;SP;Cliente B;SC x SP;710;7;6432.26;450.26;6882.52
006668;BSP6668;2025-10-10;SP;CE;Cliente B;SP x CE;2800;9;30152.59;0.0;30152.59
006669;CPR6669;2025-11-24;PR;PE;Cliente C;PR x PE;2624;6;19906.84;2388.82;22295.66
006670;BMS6670;2026-02-04;MS;MG;Cliente B;MS x MG;1048;9;9766.58;1171.99;10938.57
006671;EGO6671;2026-01-16;GO;SP;Cliente E;GO x SP;916;5;7218.01;0.0;7218.01
006672;ASC6672;2026-01-04;SC;SP;Cliente A;SC x SP;724;6;4307.75;301.54;4609.29
006673;BSP6673;2025-09-15;SP;BA;Cliente B;SP x BA;1412;6;12088.86;1450.66;13539.52
006674;ASP6674;2026-01-16;SP;BA;Cliente A;SP x BA;1412;9;14474.32;0.0;14474.32
006675;ASP6675;2025-08-04;SP;CE;Cliente A;SP x CE;2794;5;18784.97;1314.95;20099.92
006676;BMS6676;2026-02-27;MS;MG;Cliente B;MS x MG;1022;9;9922.87;0.0;9922.87
006677;CMG6677;2026-02-04;MG;RS;Cliente C;MG x RS;1715;5;11168.67;781.81;11950.48
006678;BSP6678;2025-12-15;SP;BA;Cliente B;SP x BA;1416;6;10956.65;766.97;11723.62
006679;CPR6679;2026-02-08;PR;PE;Cliente C;PR x PE;2655;9;24291.17;0.0;24291.17
006680;ASC6680;2026-03-15;SC;SP;Cliente A;SC x SP;719;9;5737.9;0.0;5737.9
006681;BSP6681;2025-12-15;SP;CE;Cliente B;SP x CE;2822;6;24755.59;2970.67;27726.26
006682;ASP6682;2025-11-14;SP;CE;Cliente A;SP x CE;2834;7;24277.71;0.0;24277.71
006683;CGO6683;2025-11-05;GO;SP;Cliente C;GO x SP;932;6;7809.82;0.0;7809.82
006684;ASP6684;2025-11-10;SP;CE;Cliente A;SP x CE;2808;9;19695.86;1378.71;21074.57
006685;BPR6685;2025-08-02;PR;PE;Cliente B;PR x PE;2676;7;22279.35;2673.52;24952.87
006686;AMG6686;2025-08-25;MG;RS;Cliente A;MG x RS;1740;6;10257.48;1230.9;11488.38
006687;CGO6687;2026-02-24;GO;SP;Cliente C;GO x SP;910;7;7576.26;0.0;7576.26
006688;CGO6688;2026-02-02;GO;SP;Cliente C;GO x SP;942;5;6499.95;779.99;7279.94
006689;DSP6689;2025-08-10;SP;BA;Cliente D;SP x BA;1448;7;13208.6;0.0;13208.6
006690;AMS6690;2025-10-29;MS;MG;Cliente A;MS x MG;1057;7;9062.15;0.0;9062.15
006691;AGO6691;2026-01-10;GO;SP;Cliente A;GO x SP;943;5;6589.96;461.3;7051.26
006692;APR6692;2025-09-09;PR;PE;Cliente A;PR x PE;2640;6;16567.91;1988.15;18556.06
006693;ESP6693;2025-10-14;SP;BA;Cliente E;SP x BA;1424;9;15088.75;1810.65;16899.4
006694;ASC6694;2025-12-19;SC;SP;Cliente A;SC x SP;711;5;3611.77;0.0;3611.77
006695;EPR6695;2025-12-02;PR;PE;Cliente E;PR x PE;2668;6;21427.54;1499.93;22927.47
006696;CGO6696;2025-10-08;GO;SP;Cliente C;GO x SP;911;5;6914.1;483.99;7398.09
006697;ARJ6697;2025-10-29;RJ;MG;Cliente A;RJ x MG;431;7;2780.13;0.0;2780.13
006698;EMG6698;2026-01-05;MG;RS;Cliente E;MG x RS;1692;7;15718.56;0.0;15718.56
006699;CPR6699;2026-03-25;PR;PE;Cliente C;PR x PE;2648;5;20264.38;2431.73;22696.11
006700;ASP6700;2025-10-02;SP;BA;Cliente A;SP x BA;1417;5;11078.48;0.0;11078.48
006701;AMS6701;2025-10-18;MS;MG;Cliente A;MS x MG;1020;5;6568.48;459.79;7028.27
006702;AMG6702;2026-01-07;MG;RS;Cliente A;MG x RS;1717;9;15839.95;0.0;15839.95
006703;ARJ6703;2025-10-05;RJ;MG;Cliente A;RJ x MG;441;5;2320.49;0.0;2320.49
006704;CMG6704;2026-01-15;MG;RS;Cliente C;MG x RS;1685;9;18422.95;2210.75;20633.7
006705;DSP6705;2025-08-05;SP;CE;Cliente D;SP x CE;2835;5;19422.74;0.0;19422.74
006706;AGO6706;2026-03-20;GO;SP;Cliente A;GO x SP;920;5;5331.49;0.0;5331.49
006707;AGO6707;2025-12-22;GO;SP;Cliente A;GO x SP;928;9;8324.78;998.97;9323.75
006708;ASC6708;2025-08-05;SC;SP;Cliente A;SC x SP;700;6;4123.92;0.0;4123.92
006709;AMG6709;2026-01-08;MG;RS;Cliente A;MG x RS;1733;5;9282.4;0.0;9282.4
006710;AMG6710;2025-10-27;MG;RS;Cliente A;MG x RS;1696;6;13900.54;1668.06;15568.6
006711;BGO6711;2025-12-25;GO;SP;Cliente B;GO x SP;922;6;6772.33;0.0;6772.33
006712;CSP6712;2025-09-22;SP;CE;Cliente C;SP x CE;2808;6;22993.44;0.0;22993.44
006713;DGO6713;2025-10-19;GO;SP;Cliente D;GO x SP;951;6;7845.18;0.0;7845.18
006714;ARJ6714;2026-01-15;RJ;MG;Cliente A;RJ x MG;462;6;3989.43;279.26;4268.69
006715;ASP6715;2026-02-03;SP;CE;Cliente A;SP x CE;2833;6;16594.78;0.0;16594.78
006716;AMG6716;2025-09-08;MG;RS;Cliente A;MG x RS;1710;7;13624.47;1634.94;15259.41
006717;CGO6717;2025-09-29;GO;SP;Cliente C;GO x SP;934;6;7703.12;924.37;8627.49
006718;ASC6718;2025-09-17;SC;SP;Cliente A;SC x SP;720;7;6249.01;437.43;6686.44
006719;AMS6719;2026-03-25;MS;MG;Cliente A;MS x MG;1025;5;5514.43;0.0;5514.43
006720;AGO6720;2026-03-26;GO;SP;Cliente A;GO x SP;900;6;7045.91;0.0;7045.91
006721;DSP6721;2026-03-16;SP;CE;Cliente D;SP x CE;2835;9;26789.09;1875.24;28664.33
006722;CRJ6722;2025-11-09;RJ;MG;Cliente C;RJ x MG;450;7;4005.58;0.0;4005.58
006723;CMS6723;2025-11-24;MS;MG;Cliente C;MS x MG;1032;5;7329.03;0.0;7329.03
006724;ARJ6724;2025-12-21;RJ;MG;Cliente A;RJ x MG;451;5;2571.66;0.0;2571.66
006725;AMG6725;2026-03-15;MG;RS;Cliente A;MG x RS;1710;9;13723.12;1646.77;15369.89
006726;AMS6726;2025-11-27;MS;MG;Cliente A;MS x MG;1043;6;8187.28;0.0;8187.28
006727;APR6727;2025-11-09;PR;PE;Cliente A;PR x PE;2669;6;20947.3;1466.31;22413.61
006728;BSP6728;2026-01-25;SP;BA;Cliente B;SP x BA;1426;7;12791.03;0.0;12791.03
006729;ASP6729;2026-01-28;SP;BA;Cliente A;SP x BA;1415;5;9846.26;0.0;9846.26
006730;APR6730;2025-08-12;PR;PE;Cliente A;PR x PE;2644;9;28723.19;0.0;28723.19
006731;DPR6731;2025-09-15;PR;PE;Cliente D;PR x PE;2630;6;22053.74;2646.45;24700.19
006732;ASC6732;2025-08-31;SC;SP;Cliente A;SC x SP;693;6;6034.8;724.18;6758.98
006733;ASC6733;2025-12-18;SC;SP;Cliente A;SC x SP;706;9;7213.18;504.92;7718.1
006734;CSC6734;2025-11-22;SC;SP;Cliente C;SC x SP;704;9;6401.99;0.0;6401.99
006735;AMG6735;2025-08-13;MG;RS;Cliente A;MG x RS;1721;6;9621.68;673.52;10295.2
006736;AMG6736;2025-08-13;MG;RS;Cliente A;MG x RS;1703;5;10066.89;1208.03;11274.92
006737;CPR6737;2026-03-27;PR;PE;Cliente C;PR x PE;2649;7;20758.37;0.0;20758.37
006738;ASP6738;2026-02-26;SP;CE;Cliente A;SP x CE;2837;9;21319.6;0.0;21319.6
006739;ASC6739;2026-01-25;SC;SP;Cliente A;SC x SP;683;5;4717.51;330.23;5047.74
006740;DGO6740;2025-08-28;GO;SP;Cliente D;GO x SP;935;5;6803.37;0.0;6803.37
006741;BSP6741;2025-11-18;SP;BA;Cliente B;SP x BA;1440;7;12810.76;1537.29;14348.05
006742;ASC6742;2025-12-05;SC;SP;Cliente A;SC x SP;708;9;7648.37;917.8;8566.17
006743;AMS6743;2025-11-28;MS;MG;Cliente A;MS x MG;1006;5;6624.35;0.0;6624.35
006744;CRJ6744;2025-10-25;RJ;MG;Cliente C;RJ x MG;430;5;2983.43;0.0;2983.43
006745;AMS6745;2026-01-24;MS;MG;Cliente A;MS x MG;1039;6;6582.14;789.86;7372.0
006746;EMS6746;2025-10-27;MS;MG;Cliente E;MS x MG;1006;7;8553.71;0.0;8553.71
006747;APR6747;2026-03-02;PR;PE;Cliente A;PR x PE;2632;7;17935.62;0.0;17935.62
006748;APR6748;2026-01-08;PR;PE;Cliente A;PR x PE;2650;6;22651.05;0.0;22651.05
006749;BRJ6749;2026-03-02;RJ;MG;Cliente B;RJ x MG;463;5;3333.43;0.0;3333.43
006750;DSP6750;2025-09-23;SP;CE;Cliente D;SP x CE;2815;5;20508.77;2461.05;22969.82
006751;APR6751;2025-10-26;PR;PE;Cliente A;PR x PE;2637;5;19409.45;0.0;19409.45
006752;CRJ6752;2026-03-10;RJ;MG;Cliente C;RJ x MG;415;5;3153.2;378.38;3531.58
006753;DMS6753;2025-08-23;MS;MG;Cliente D;MS x MG;1016;9;10140.94;1216.91;11357.85
006754;AGO6754;2025-09-14;GO;SP;Cliente A;GO x SP;929;7;6446.6;0.0;6446.6
006755;ASC6755;2026-02-21;SC;SP;Cliente A;SC x SP;707;5;5067.48;608.1;5675.58
006756;EMG6756;2025-09-06;MG;RS;Cliente E;MG x RS;1731;7;15914.02;1113.98;17028.0
006757;AMS6757;2026-01-30;MS;MG;Cliente A;MS x MG;1028;9;9427.94;659.96;10087.9
006758;DSP6758;2026-03-16;SP;BA;Cliente D;SP x BA;1431;9;12911.98;0.0;12911.98
006759;DMG6759;2026-01-11;MG;RS;Cliente D;MG x RS;1683;7;15854.62;1109.82;16964.44
006760;AMG6760;2026-02-14;MG;RS;Cliente A;MG x RS;1716;7;13706.81;1644.82;15351.63
006761;AMS6761;2025-09-22;MS;MG;Cliente A;MS x MG;1038;5;7518.01;902.16;8420.17
006762;CGO6762;2025-10-19;GO;SP;Cliente C;GO x SP;906;5;6650.24;798.03;7448.27
006763;APR6763;2026-03-20;PR;PE;Cliente A;PR x PE;2621;9;23982.4;2877.89;26860.29
006764;APR6764;2026-01-05;PR;PE;Cliente A;PR x PE;2665;9;19704.27;1379.3;21083.57
006765;ESC6765;2025-08-24;SC;SP;Cliente E;SC x SP;711;6;6014.48;0.0;6014.48
006766;BSP6766;2026-01-23;SP;BA;Cliente B;SP x BA;1439;7;12896.57;0.0;12896.57
006767;BGO6767;2025-09-06;GO;SP;Cliente B;GO x SP;956;6;8164.81;0.0;8164.81
006768;ARJ6768;2026-02-18;RJ;MG;Cliente A;RJ x MG;415;7;3473.89;243.17;3717.06
006769;BSP6769;2025-11-27;SP;BA;Cliente B;SP x BA;1432;9;15354.27;1842.51;17196.78
006770;CPR6770;2025-11-12;PR;PE;Cliente C;PR x PE;2652;5;20292.49;0.0;20292.49
006771;ASP6771;2025-12-15;SP;BA;Cliente A;SP x BA;1460;7;12939.24;905.75;13844.99
006772;CPR6772;2025-08-17;PR;PE;Cliente C;PR x PE;2650;9;25569.9;0.0;25569.9
006773;CRJ6773;2025-12-24;RJ;MG;Cliente C;RJ x MG;454;9;4811.52;0.0;4811.52
006774;APR6774;2026-02-06;PR;PE;Cliente A;PR x PE;2662;5;19381.06;2325.73;21706.79
006775;ASP6775;2025-09-15;SP;BA;Cliente A;SP x BA;1462;9;10946.56;0.0;10946.56
006776;DRJ6776;2026-01-13;RJ;MG;Cliente D;RJ x MG;424;9;4379.01;306.53;4685.54
006777;CMS6777;2026-01-17;MS;MG;Cliente C;MS x MG;1047;6;7684.25;0.0;7684.25
006778;ASC6778;2026-01-22;SC;SP;Cliente A;SC x SP;687;6;5216.6;0.0;5216.6
006779;DMG6779;2026-01-31;MG;RS;Cliente D;MG x RS;1740;9;19162.59;1341.38;20503.97
006780;CMS6780;2026-03-05;MS;MG;Cliente C;MS x MG;1038;9;9545.51;1145.46;10690.97
006781;CMS6781;2025-08-29;MS;MG;Cliente C;MS x MG;999;7;9353.95;0.0;9353.95
006782;ARJ6782;2026-01-08;RJ;MG;Cliente A;RJ x MG;448;9;3341.21;233.88;3575.09
006783;DPR6783;2025-09-18;PR;PE;Cliente D;PR x PE;2650;6;21265.65;0.0;21265.65
006784;ARJ6784;2026-03-12;RJ;MG;Cliente A;RJ x MG;413;7;3311.6;231.81;3543.41
006785;ASC6785;2025-09-04;SC;SP;Cliente A;SC x SP;717;9;5584.61;670.15;6254.76
006786;DRJ6786;2025-11-25;RJ;MG;Cliente D;RJ x MG;443;6;3520.58;0.0;3520.58
006787;BRJ6787;2025-09-17;RJ;MG;Cliente B;RJ x MG;426;6;3324.63;398.96;3723.59
006788;EGO6788;2025-11-14;GO;SP;Cliente E;GO x SP;941;7;8924.58;0.0;8924.58
006789;AMS6789;2026-01-28;MS;MG;Cliente A;MS x MG;1035;9;7979.69;0.0;7979.69
006790;APR6790;2025-11-28;PR;PE;Cliente A;PR x PE;2666;7;23296.07;0.0;23296.07
006791;ASC6791;2026-01-23;SC;SP;Cliente A;SC x SP;715;5;5449.8;381.49;5831.29
006792;AMS6792;2025-12-10;MS;MG;Cliente A;MS x MG;1029;9;10438.87;1252.66;11691.53
006793;AMG6793;2026-01-25;MG;RS;Cliente A;MG x RS;1692;5;12771.0;0.0;12771.0
006794;CMG6794;2025-12-27;MG;RS;Cliente C;MG x RS;1685;9;15644.03;1877.28;17521.31
006795;EMS6795;2025-08-22;MS;MG;Cliente E;MS x MG;1017;9;9350.8;1122.1;10472.9
006796;APR6796;2025-10-10;PR;PE;Cliente A;PR x PE;2659;7;20730.3;1451.12;22181.42
006797;CPR6797;2025-11-03;PR;PE;Cliente C;PR x PE;2662;9;28328.1;1982.97;30311.07
006798;BPR6798;2025-10-27;PR;PE;Cliente B;PR x PE;2671;5;21116.15;0.0;21116.15
006799;CPR6799;2026-02-09;PR;PE;Cliente C;PR x PE;2673;9;29500.22;0.0;29500.22
006800;ASC6800;2025-09-23;SC;SP;Cliente A;SC x SP;721;6;6134.34;736.12;6870.46
006801;ESP6801;2025-11-27;SP;BA;Cliente E;SP x BA;1413;6;10965.42;767.58;11733.0
006802;ARJ6802;2025-09-07;RJ;MG;Cliente A;RJ x MG;434;7;3721.23;446.55;4167.78
006803;ASP6803;2025-08-25;SP;CE;Cliente A;SP x CE;2813;5;20751.7;0.0;20751.7
006804;BMG6804;2025-10-08;MG;RS;Cliente B;MG x RS;1703;7;15760.05;1891.21;17651.26
006805;BGO6805;2025-12-12;GO;SP;Cliente B;GO x SP;942;6;7212.77;0.0;7212.77
006806;ASP6806;2026-01-20;SP;CE;Cliente A;SP x CE;2815;5;14255.66;997.9;15253.56
006807;DSC6807;2026-02-02;SC;SP;Cliente D;SC x SP;697;6;5273.2;369.12;5642.32
006808;CSP6808;2026-01-01;SP;BA;Cliente C;SP x BA;1413;6;11536.11;0.0;11536.11
006809;ASP6809;2025-11-05;SP;BA;Cliente A;SP x BA;1464;6;12599.3;0.0;12599.3
006810;ASP6810;2025-10-04;SP;BA;Cliente A;SP x BA;1454;6;9020.23;1082.43;10102.66
006811;ARJ6811;2025-10-05;RJ;MG;Cliente A;RJ x MG;448;7;2755.26;0.0;2755.26
006812;ARJ6812;2025-10-06;RJ;MG;Cliente A;RJ x MG;425;5;2893.66;347.24;3240.9
006813;ARJ6813;2025-08-28;RJ;MG;Cliente A;RJ x MG;415;9;3299.29;230.95;3530.24
006814;BMG6814;2025-08-19;MG;RS;Cliente B;MG x RS;1688;5;10992.9;0.0;10992.9
006815;ESC6815;2025-09-08;SC;SP;Cliente E;SC x SP;676;9;6971.14;487.98;7459.12
006816;DRJ6816;2026-01-27;RJ;MG;Cliente D;RJ x MG;421;6;3218.16;225.27;3443.43
006817;BSC6817;2025-11-12;SC;SP;Cliente B;SC x SP;705;9;7556.62;0.0;7556.62
006818;AGO6818;2026-01-24;GO;SP;Cliente A;GO x SP;896;9;8914.65;0.0;8914.65
006819;ASP6819;2025-11-11;SP;CE;Cliente A;SP x CE;2823;7;20254.14;0.0;20254.14
006820;ASP6820;2026-02-11;SP;CE;Cliente A;SP x CE;2785;9;28689.84;2008.29;30698.13
006821;AGO6821;2026-03-18;GO;SP;Cliente A;GO x SP;915;9;7181.17;861.74;8042.91
006822;EGO6822;2025-09-19;GO;SP;Cliente E;GO x SP;904;5;5825.09;0.0;5825.09
006823;ASC6823;2026-02-19;SC;SP;Cliente A;SC x SP;699;5;4805.13;0.0;4805.13
006824;BMS6824;2025-08-15;MS;MG;Cliente B;MS x MG;1001;7;8403.17;0.0;8403.17
006825;ASP6825;2026-03-29;SP;BA;Cliente A;SP x BA;1423;9;15343.91;1074.07;16417.98
006826;AMS6826;2025-12-04;MS;MG;Cliente A;MS x MG;1046;6;8245.29;0.0;8245.29
006827;AGO6827;2025-08-04;GO;SP;Cliente A;GO x SP;940;6;5250.45;367.53;5617.98
006828;BPR6828;2026-02-26;PR;PE;Cliente B;PR x PE;2673;5;20452.84;1431.7;21884.54
006829;AGO6829;2026-02-24;GO;SP;Cliente A;GO x SP;923;7;8431.76;590.22;9021.98
006830;DPR6830;2026-02-12;PR;PE;Cliente D;PR x PE;2640;6;18914.09;1323.99;20238.08
006831;AMG6831;2025-09-13;MG;RS;Cliente A;MG x RS;1691;9;17080.78;1195.65;18276.43
006832;ASP6832;2026-02-16;SP;BA;Cliente A;SP x BA;1460;9;11813.63;826.95;12640.58
006833;ASP6833;2025-11-15;SP;BA;Cliente A;SP x BA;1455;7;13437.86;940.65;14378.51
006834;APR6834;2025-12-12;PR;PE;Cliente A;PR x PE;2660;7;21845.57;1529.19;23374.76
006835;CPR6835;2026-01-04;PR;PE;Cliente C;PR x PE;2665;9;29166.78;0.0;29166.78
006836;ASP6836;2025-12-21;SP;CE;Cliente A;SP x CE;2806;5;14337.31;0.0;14337.31
006837;ASP6837;2025-11-27;SP;CE;Cliente A;SP x CE;2835;6;23247.32;1627.31;24874.63
006838;APR6838;2025-12-06;PR;PE;Cliente A;PR x PE;2663;9;20836.46;2500.38;23336.84
006839;AGO6839;2025-10-25;GO;SP;Cliente A;GO x SP;923;7;8691.57;608.41;9299.98
006840;EMS6840;2025-09-10;MS;MG;Cliente E;MS x MG;1058;6;8900.97;623.07;9524.04
006841;AGO6841;2025-12-30;GO;SP;Cliente A;GO x SP;942;9;9246.22;0.0;9246.22
006842;AGO6842;2025-10-23;GO;SP;Cliente A;GO x SP;945;5;4931.92;345.23;5277.15
006843;AGO6843;2025-12-28;GO;SP;Cliente A;GO x SP;900;9;9735.56;1168.27;10903.83
006844;ARJ6844;2025-11-26;RJ;MG;Cliente A;RJ x MG;427;6;3481.77;0.0;3481.77
006845;ASP6845;2026-01-25;SP;CE;Cliente A;SP x CE;2788;5;19050.18;2286.02;21336.2
006846;BRJ6846;2025-09-26;RJ;MG;Cliente B;RJ x MG;414;7;3895.68;0.0;3895.68
006847;CPR6847;2025-08-23;PR;PE;Cliente C;PR x PE;2656;6;20669.62;0.0;20669.62
006848;ASC6848;2025-10-11;SC;SP;Cliente A;SC x SP;728;9;5471.53;0.0;5471.53
006849;ASP6849;2026-03-17;SP;CE;Cliente A;SP x CE;2807;6;24376.83;0.0;24376.83
006850;ARJ6850;2025-11-29;RJ;MG;Cliente A;RJ x MG;406;5;2912.62;349.51;3262.13
006851;BSP6851;2025-10-01;SP;BA;Cliente B;SP x BA;1438;9;13088.06;0.0;13088.06
006852;DRJ6852;2025-09-03;RJ;MG;Cliente D;RJ x MG;464;6;3569.23;249.85;3819.08
006853;ASC6853;2025-09-11;SC;SP;Cliente A;SC x SP;717;7;6709.08;0.0;6709.08
006854;ASC6854;2026-03-12;SC;SP;Cliente A;SC x SP;704;6;5209.32;0.0;5209.32
006855;CSC6855;2026-03-09;SC;SP;Cliente C;SC x SP;720;5;5300.38;636.05;5936.43
006856;BMS6856;2026-02-09;MS;MG;Cliente B;MS x MG;1017;9;9659.77;0.0;9659.77
006857;BGO6857;2026-01-06;GO;SP;Cliente B;GO x SP;946;5;7329.88;0.0;7329.88
006858;ASP6858;2025-08-29;SP;CE;Cliente A;SP x CE;2836;5;15393.23;1847.19;17240.42
006859;ASP6859;2025-09-05;SP;BA;Cliente A;SP x BA;1445;6;10823.33;1298.8;12122.13
006860;EGO6860;2025-10-22;GO;SP;Cliente E;GO x SP;944;6;7252.47;870.3;8122.77
006861;AMS6861;2025-10-28;MS;MG;Cliente A;MS x MG;1003;7;8723.78;0.0;8723.78
006862;BMG6862;2026-02-21;MG;RS;Cliente B;MG x RS;1710;7;15416.71;0.0;15416.71
006863;AGO6863;2025-08-23;GO;SP;Cliente A;GO x SP;953;9;7733.48;541.34;8274.82
006864;APR6864;2026-01-26;PR;PE;Cliente A;PR x PE;2637;5;13553.4;948.74;14502.14
006865;ARJ6865;2025-11-30;RJ;MG;Cliente A;RJ x MG;447;6;2675.03;0.0;2675.03
006866;AGO6866;2026-03-12;GO;SP;Cliente A;GO x SP;900;5;6910.47;0.0;6910.47
006867;ARJ6867;2026-01-15;RJ;MG;Cliente A;RJ x MG;441;7;3692.79;0.0;3692.79
006868;DSC6868;2025-12-24;SC;SP;Cliente D;SC x SP;704;7;5641.94;0.0;5641.94
006869;AMG6869;2025-11-04;MG;RS;Cliente A;MG x RS;1696;9;17910.98;2149.32;20060.3
006870;ASC6870;2026-01-30;SC;SP;Cliente A;SC x SP;685;6;5065.64;354.59;5420.23
006871;AGO6871;2025-10-21;GO;SP;Cliente A;GO x SP;903;5;6390.85;447.36;6838.21
006872;CMS6872;2025-10-28;MS;MG;Cliente C;MS x MG;1041;7;8373.49;586.14;8959.63
006873;BMG6873;2025-11-12;MG;RS;Cliente B;MG x RS;1689;5;13216.22;0.0;13216.22
006874;BSP6874;2026-02-06;SP;CE;Cliente B;SP x CE;2789;5;20186.43;0.0;20186.43
006875;DMG6875;2026-03-30;MG;RS;Cliente D;MG x RS;1712;7;15690.82;0.0;15690.82
006876;DPR6876;2025-10-26;PR;PE;Cliente D;PR x PE;2671;9;27750.19;0.0;27750.19
006877;APR6877;2025-10-18;PR;PE;Cliente A;PR x PE;2663;5;14825.01;1779.0;16604.01
006878;ASP6878;2025-12-28;SP;CE;Cliente A;SP x CE;2783;6;23393.66;0.0;23393.66
006879;AMS6879;2026-01-21;MS;MG;Cliente A;MS x MG;1004;9;9147.12;0.0;9147.12
006880;ASC6880;2026-03-21;SC;SP;Cliente A;SC x SP;695;5;4872.84;0.0;4872.84
006881;ASP6881;2025-08-04;SP;CE;Cliente A;SP x CE;2804;7;18108.24;0.0;18108.24
006882;CSP6882;2026-02-06;SP;BA;Cliente C;SP x BA;1423;9;15701.76;0.0;15701.76
006883;APR6883;2026-02-03;PR;PE;Cliente A;PR x PE;2671;9;24630.84;0.0;24630.84
006884;APR6884;2025-11-30;PR;PE;Cliente A;PR x PE;2633;7;23017.18;2762.06;25779.24
006885;AMS6885;2025-11-15;MS;MG;Cliente A;MS x MG;1025;7;6745.48;0.0;6745.48
006886;AGO6886;2025-10-14;GO;SP;Cliente A;GO x SP;907;9;8176.37;0.0;8176.37
006887;CMG6887;2025-09-27;MG;RS;Cliente C;MG x RS;1713;9;15386.23;1846.35;17232.58
006888;ASC6888;2025-11-15;SC;SP;Cliente A;SC x SP;682;7;4824.84;0.0;4824.84
006889;ASP6889;2025-12-05;SP;BA;Cliente A;SP x BA;1458;7;11508.64;0.0;11508.64
006890;CSC6890;2026-03-11;SC;SP;Cliente C;SC x SP;711;9;6735.35;0.0;6735.35
006891;DSP6891;2026-03-05;SP;BA;Cliente D;SP x BA;1433;5;9745.54;0.0;9745.54
006892;ASP6892;2025-10-31;SP;CE;Cliente A;SP x CE;2809;6;16323.32;1958.8;18282.12
006893;AMG6893;2025-12-10;MG;RS;Cliente A;MG x RS;1700;5;9480.3;0.0;9480.3
006894;CPR6894;2026-03-12;PR;PE;Cliente C;PR x PE;2654;7;22174.14;0.0;22174.14
006895;AMG6895;2025-08-25;MG;RS;Cliente A;MG x RS;1725;7;14525.39;1016.78;15542.17
006896;BMG6896;2025-11-14;MG;RS;Cliente B;MG x RS;1705;9;16450.12;0.0;16450.12
006897;AGO6897;2026-03-01;GO;SP;Cliente A;GO x SP;905;6;5831.16;0.0;5831.16
006898;BSP6898;2026-03-23;SP;BA;Cliente B;SP x BA;1436;9;13049.44;0.0;13049.44
006899;ASC6899;2026-01-24;SC;SP;Cliente A;SC x SP;697;7;4861.51;0.0;4861.51
006900;CSP6900;2025-08-08;SP;CE;Cliente C;SP x CE;2791;7;25529.98;1787.1;27317.08
